job_title,seniority_level,status,company,location,post_date,headquarter,industry,ownership,company_size,revenue,salary,skills,days_ago,salary_numeric
data scientist,senior,hybrid,company_003,"Grapevine, TX . Hybrid",17 days ago,"Bentonville, AR, US",Retail,Public,€352.44B,Public,"€100,472 - €200,938","['spark', 'r', 'python', 'scala', 'machine learning', 'tensorflow']",17,150705
data scientist,lead,hybrid,company_005,"Fort Worth, TX . Hybrid",15 days ago,"Detroit, MI, US",Manufacturing,Public,"155,030",€51.10B,"€118,733","['spark', 'r', 'python', 'sql', 'machine learning']",15,118733
data scientist,senior,on-site,company_007,"Austin, TX . Toronto, Ontario, Canada . Kirkland, WA . Orlando, FL . Edmonton, Alberta, Canada + 1 More",a month ago,"Redwood City, CA, US",Technology,Public,"25,930",€33.80B,"€94,987 - €159,559","['aws', 'git', 'python', 'docker', 'sql', 'machine learning', 'gcp', 'kubernetes', 'deep learning']",,127273
data scientist,senior,hybrid,company_008,"Chicago, IL . Scottsdale, AZ . Austin, TX . Hybrid",8 days ago,"San Jose, CA, US",Technology,Public,"34,690",€81.71B,"€112,797 - €194,402","['sql', 'r', 'python']",8,153599.5
data scientist,Not Specified,on-site,company_009,On-site,3 days ago,"Stamford, CT, US",Finance,Private,"1,800",Private,"€114,172 - €228,337",[],3,171254.5
data scientist,lead,Unknown,company_013,"New York, NY",3 months ago,"New York, NY, US",Technology,Private,150,€2.16B,"€196,371 - €251,170","['scikit-learn', 'python', 'scala', 'sql', 'machine learning', 'tensorflow']",3,223770.5
data scientist,junior,Unknown,company_014,"Berkeley, CA",15 days ago,"Berkeley, CA, US",Education,Unknown,"17,471",Education,"€51,330 - €70,144",[],15,60737
machine learning engineer,senior,on-site,company_015,"Menlo Park, CA",9 days ago,"Menlo Park, CA, US",Technology,Public,900,Public,"€121,480 - €132,440",['machine learning'],9,126960
data scientist,senior,remote,company_019,Fully Remote,6 days ago,"Boston, MA, US",Technology,Private,126,Private,"€207,331",[],6,207331
data scientist,senior,on-site,company_021,On-site,a day ago,"San Francisco, CA, US",Technology,Public,"5,520",€61.06B,"€219,201",[],,219201
data scientist,senior,Unknown,company_022,"Atlanta, GA",15 days ago,"Charlotte, NC, US",Technology,Public,"103,010",€128.13B,"€96,815","['pytorch', 'r', 'python', 'sql', 'machine learning', 'keras', 'deep learning', 'tensorflow']",15,96815
data scientist,midlevel,Unknown,company_027,Greater Vancouver Metropolitan Area,6 days ago,"Vancouver, BC, CA",Education,Unknown,240,Education,"€62,697 - €89,293","['java', 'git', 'python']",6,75995
data scientist,senior,remote,company_029,"Minneapolis, MN . Fully Remote",8 days ago,"Golden Valley, MN, US",Manufacturing,Public,"21,030",€43.18B,"€99,464 - €165,954","['sql', 'machine learning', 'python']",8,132709
data scientist,senior,on-site,company_031,"Titusville, NJ . Titusville, New Jersey, United States",19 days ago,"New Brunswick, NJ, US",Healthcare,Public,"128,890",€413.02B,"€112,343 - €117,823","['sql', 'machine learning', 'r', 'python']",19,115083
data scientist,senior,on-site,company_034,"Arlington, VA",a month ago,"Baltimore, MD, US",Technology,Private,45,Private,"€127,867 - €150,700","['pandas', 'powerbi', 'python', 'java', 'sql', 'machine learning', 'tableau']",,139283.5
data scientist,senior,remote,company_037,Fully Remote,14 days ago,"San Francisco, CA, US",Finance,Private,300,Private,"€134,266",[],14,134266
data scientist,lead,Unknown,company_038,"Bengaluru, Karnataka, India",6 days ago,"Kista, SE",Technology,Public,"132,000",€17.41B,"€52,746","['spark', 'aws', 'r', 'python', 'machine learning', 'gcp', 'deep learning', 'hadoop', 'azure']",6,52746
data scientist,lead,on-site,company_039,"Charlotte, NC . On-site",8 days ago,"San Francisco, CA, US",Finance,Public,"257,150",€163.38B,"€126,956 - €198,196","['aws', 'r', 'python', 'sql', 'machine learning', 'azure', 'tableau']",8,162576
data scientist,senior,remote,company_040,Fully Remote,13 days ago,"San Francisco, CA, US",Education,Private,130,€1.29B,"€185,412 - €228,338",[],13,206875
machine learning engineer,junior,Unknown,company_041,"Basel, Basel, Switzerland",19 days ago,"BS, CH",Healthcare,Public,"93,580",€247.18B,"€80,123","['pytorch', 'python', 'machine learning', 'deep learning', 'tensorflow']",19,80123
data scientist,senior,on-site,company_043,"Toronto, Ontario, Canada . On-site",8 days ago,"Toronto, ON, CA",Finance,Public,"44,010",Public,"€72,611","['pytorch', 'spark', 'git', 'r', 'python', 'sql', 'machine learning', 'tensorflow']",8,72611
data scientist,senior,on-site,company_044,"Findlay, OH . Denver, CO . San Antonio, TX",8 days ago,"Findlay, OH, US",Energy,Public,"11,610",€51.40B,"€95,265 - €164,221","['pytorch', 'scikit-learn', 'python', 'machine learning', 'deep learning', 'tensorflow']",8,129743
data scientist,senior,on-site,company_045,"Toronto, Ontario, Canada",6 days ago,"Toronto, ON, CA",Technology,Private,300,Private,"€85,044","['airflow', 'spark', 'machine learning', 'python']",6,85044
data scientist,senior,Unknown,company_046,"San Francisco, CA",3 months ago,"San Francisco, CA, US",Technology,Private,100,€913.33M,"€146,141 - €210,074",[],3,178107.5
data scientist,lead,Unknown,company_047,"Bengaluru, Karnataka, India",a month ago,"Bengaluru, KA, IN",Technology,Public,"222,070",€24.36B,"€10,049","['deep learning', 'machine learning']",,10049
data scientist,Not Specified,remote,company_048,"Remote, US . Fully Remote",3 months ago,"San Francisco, CA, US",Technology,Private,340,€1.49B,"€91,335 - €109,601",[],3,100468
data scientist,senior,Unknown,company_049,"Huntsville, AL . Merritt Island, FL . Seattle, WA",15 days ago,"Kent, WA, US",Technology,Private,"3,780",Private,"€125,171 - €175,240","['aws', 'git', 'r', 'python', 'docker', 'machine learning', 'kubernetes', 'deep learning', 'azure']",15,150205.5
data scientist,senior,Unknown,company_050,"San Francisco, CA",8 days ago,"San Francisco, CA, US",Education,Private,807,€3.45B,"€150,707","['sql', 'machine learning', 'r', 'python']",8,150707
data scientist,senior,on-site,company_051,"Laurel, MD",a month ago,"Laurel, MD, US",Technology,Unknown,"8,010",Education,"€210,071",['python'],,210071
machine learning engineer,senior,Unknown,company_052,"Amsterdam, North Holland, Netherlands",a month ago,"San Francisco, CA, US",Technology,Public,"26,950",€53.20B,"€72,515","['sql', 'machine learning', 'python']",,72515
data scientist,lead,on-site,company_054,"Richmond, VA . On-site",7 days ago,"Washington, DC, US",Technology,Public,"4,820",€29.92B,"€112,288","['machine learning', 'python']",7,112288
data scientist,lead,hybrid,company_057,"Seattle, WA . Hybrid",25 days ago,"Seattle, WA, US",Retail,Public,"157,200",Public,"€132,437","['r', 'python', 'sql', 'machine learning', 'tableau']",25,132437
data scientist,senior,hybrid,company_061,"Manchester, England, United Kingdom . Hybrid",15 days ago,"Manchester, GB",Technology,Public,"1,320",Public,"€45,669 - €63,936","['spark', 'python', 'airflow', 'sql', 'machine learning']",15,54802.5
data scientist,senior,on-site,company_054,"Richmond, VA . On-site",7 days ago,"Washington, DC, US",Technology,Public,"4,780",€30.07B,"€112,291","['machine learning', 'python']",7,112291
data scientist,senior,on-site,company_065,"Toronto, Ontario, Canada",3 days ago,"Cherry Hill, NJ, US",Technology,Private,"26,070",Private,"€83,298 - €124,946","['pandas', 'numpy', 'scikit-learn', 'python', 'sql', 'azure', 'tableau']",3,104122
data scientist,senior,hybrid,company_066,"Foster City, CA . Hybrid",3 years ago,"Foster City, CA, US",Technology,Private,"1,790",Private,"€198,201 - €269,440",[],3,233820.5
data scientist,senior,hybrid,company_067,"San Francisco, CA, US . Seattle, WA, US . Hybrid",19 days ago,"San Francisco, CA, US",Technology,Public,"5,260",€14.35B,"€260,211",[],19,260211
data scientist,lead,Unknown,company_069,United States,a month ago,"Chicago, IL, US",Technology,Private,210,Private,"€114,355","['pytorch', 'spark', 'scikit-learn', 'python', 'neural network', 'machine learning', 'deep learning', 'tensorflow']",,114355
data scientist,midlevel,on-site,company_071,"Cambridge, MA",15 days ago,"Cambridge, MA, US",Technology,Public,"9,070",Public,"€144,311 - €198,198","['r', 'python', 'sql', 'machine learning', 'tableau']",15,171254.5
data scientist,senior,Unknown,company_075,"Atlanta, GA",20 days ago,"Atlanta, GA, US",Technology,Public,"9,030",€49.86B,"€105,035","['sql', 'machine learning', 'tableau', 'python']",20,105035
data scientist,senior,remote,company_077,United States . Fully Remote,2 months ago,"Phoenix, AZ, US",Technology,Private,60,Private,"€155,272 - €164,406","['sql', 'machine learning', 'tableau', 'python']",2,159839
data scientist,senior,on-site,company_078,"San Diego, CA",9 days ago,"San Diego, CA, US",Technology,Public,"41,020",€111.15B,"€140,661","['pytorch', 'python', 'docker', 'sql', 'neural network', 'kubernetes', 'tensorflow']",9,140661
data scientist,senior,hybrid,company_080,"Toronto, Ontario, Canada . Montreal, Quebec, Canada . Hybrid",8 days ago,"Toronto, ON, CA",Finance,Public,"26,040",Public,"€73,739","['machine learning', 'r', 'python']",8,73739
data scientist,senior,hybrid,company_081,"New York, NY . Hybrid",6 days ago,"San Francisco, CA, US",Technology,Public,"5,050",€4.67B,"€135,178 - €168,971",[],6,152074.5
data scientist,senior,on-site,company_084,On-site,14 days ago,"Cary, NC, US",Technology,Private,990,€29.17B,"€228,515",[],14,228515
data scientist,senior,Unknown,company_089,"New York, NY",8 days ago,"Washington, DC, US",Finance,Public,"2,290",Public,"€137,007 - €159,840","['aws', 'git', 'python', 'sql', 'machine learning']",8,148423.5
machine learning engineer,senior,Unknown,company_049,"Seattle, WA",15 days ago,"Kent, WA, US",Technology,Private,"3,810",Private,"€162,184 - €227,055","['pandas', 'pytorch', 'aws', 'python', 'docker', 'machine learning', 'kubernetes', 'deep learning', 'azure', 'tensorflow']",15,194619.5
data scientist,senior,hybrid,company_092,"McLean, VA . Hybrid",8 days ago,"Toronto, ON, CA",Technology,Public,"24,040",Public,"€92,833 - €172,402","['java', 'machine learning', 'r', 'python']",8,132617.5
data scientist,lead,on-site,company_093,"Seattle, Washington, United States . On-site",12 days ago,"Seattle, WA, US",Technology,Private,46,Private,"€210,070 - €228,336",[],12,219203
data scientist,senior,Unknown,company_094,"Warsaw, Mazowieckie, Poland . Prague, Prague, Czechia . Kyiv, Kyiv City, Ukraine",3 months ago,"Seattle, WA, US",Technology,Private,330,€913.33M,"€67,594 - €86,774","['pandas', 'pytorch', 'r', 'python', 'machine learning', 'tensorflow']",3,77184
data scientist,senior,on-site,company_095,On-site,3 months ago,"Sunnyvale, CA, US",Technology,Private,5,Private,"€123,307 - €191,806",[],3,157556.5
data scientist,senior,on-site,company_096,"San Francisco, California, United States . On-site",20 days ago,"San Francisco, CA, US",Finance,Private,950,€11.43B,"€219,199 - €273,999",[],20,246599
data scientist,Not Specified,Unknown,company_098,"Bangalore, Karnataka",5 months ago,"Bengaluru, KA, IN",Technology,Private,750,€4.93B,"€41,302",[],5,41302
data scientist,senior,hybrid,company_099,"Toronto, Ontario, Canada . Hybrid",7 days ago,"Calgary, AB, CA",Technology,Public,"23,860",€27.92B,"€75,128 - €79,194","['sql', 'tableau', 'python']",7,77161
data scientist,senior,on-site,company_100,"Rock Island, IL . On-site",3 months ago,"Hook, GB",Technology,Public,"28,840",Public,"€77,667 - €129,442","['scikit-learn', 'r', 'python', 'java', 'machine learning']",3,103554.5
data scientist,midlevel,Unknown,company_101,"Cambridge, England, United Kingdom",8 days ago,"Cambridge, GB",Education,Unknown,"10,933",Education,"€31,175",[],8,31175
data scientist,midlevel,remote,company_103,"Oregon, United States . Fully Remote",4 days ago,"Beaverton, OR, US",Manufacturing,Public,"99,620",€133.03B,"€19,420 - €98,368","['pandas', 'powerbi', 'r', 'python', 'sql', 'neural network', 'machine learning', 'deep learning', 'tableau']",4,58894
machine learning engineer,senior,Unknown,company_106,"Pune, Maharashtra, India",4 days ago,"København, DK",Logistics,Private,"38,090",€34.17B,"€26,757","['spark', 'aws', 'powerbi', 'python', 'docker', 'sql', 'machine learning', 'gcp', 'kubernetes', 'deep learning', 'azure']",4,26757
data scientist,senior,Unknown,company_089,"Denver, CO",8 days ago,"Washington, DC, US",Finance,Public,"2,300",Public,"€137,005 - €159,838","['aws', 'git', 'python', 'sql', 'machine learning']",8,148421.5
data scientist,senior,on-site,company_112,"San Francisco, California, United States . On-site",a month ago,"San Francisco, CA, US",Technology,Private,420,€5.10B,"€148,808",[],,148808
data scientist,lead,on-site,company_113,"Charlotte, NC",8 days ago,"Mooresville, NC, US",Retail,Public,"118,910",Public,"€101,935 - €193,633","['sql', 'deep learning', 'machine learning']",8,147784
data scientist,senior,hybrid,company_115,"Bengaluru, Karnataka, India . Hybrid",a month ago,"Frankfurt am Main, HE, DE",Finance,Public,"68,400",Public,"€24,205","['pytorch', 'aws', 'python', 'sql', 'gcp', 'azure', 'tensorflow']",,24205
data scientist,senior,Unknown,company_116,"Chennai, Tamil Nadu, India",2 days ago,"Dearborn, MI, US",Technology,Public,"187,540",€51.93B,"€13,886","['pandas', 'numpy', 'pytorch', 'powerbi', 'git', 'scikit-learn', 'python', 'java', 'sql', 'neural network', 'gcp', 'machine learning', 'matplotlib', 'tensorflow']",2,13886
data scientist,senior,on-site,company_119,"Menlo Park, CA . On-site",15 days ago,"West Menlo Park, CA, US",Finance,Public,"3,810",€7.94B,"€163,491 - €191,804",[],15,177647.5
data scientist,midlevel,Unknown,company_014,"Berkeley, CA",15 days ago,"Berkeley, CA, US",Education,Unknown,"17,451",Education,"€82,193 - €122,141","['machine learning', 'database']",15,102167
data scientist,senior,remote,company_121,"Remote, United States . Fully Remote",a month ago,"San Francisco, CA, US",Technology,Private,"1,290",€3.17B,"€134,541 - €174,088",[],,154314.5
data scientist,senior,on-site,company_100,"Rock Island, IL . On-site",3 months ago,"Hook, GB",Technology,Public,"28,810",Public,"€77,671 - €129,446","['scikit-learn', 'r', 'python', 'java', 'machine learning']",3,103558.5
data scientist,senior,remote,company_067,"San Francisco, CA, US . Remote, US . Fully Remote",4 days ago,"San Francisco, CA, US",Technology,Public,"5,320",€14.20B,"€306,623",[],4,306623
data scientist,senior,Unknown,company_126,United States,15 days ago,"San Francisco, CA, US",Finance,Private,30,Private,"€28,501",[],15,28501
data scientist,senior,remote,company_021,Fully Remote,a day ago,"San Francisco, CA, US",Technology,Public,"5,550",€60.91B,"€255,732",[],,255732
data scientist,Not Specified,remote,company_129,Fully Remote,8 days ago,"New York, NY, US",Finance,Private,45,Private,"€91,335 - €228,333",[],8,159834
data scientist,senior,Unknown,company_022,"Pittsburgh, PA",7 days ago,"Charlotte, NC, US",Technology,Public,"103,070",€128.23B,"€96,819","['python', 'java', 'sql', 'kubernetes', 'azure']",7,96819
data scientist,senior,on-site,company_134,"Seattle, WA . Seattle, Washington, États-Unis . Seattle, Washington, USA",a month ago,"Seattle, WA, US",Retail,Public,"865,416",€832.86B,"€219,201","['amazon', 'r', 'python', 'machine learning', 'deep learning']",,219201
machine learning engineer,Not Specified,on-site,company_135,"Taipei, Taiwan . On-site",a day ago,TW,Technology,Private,530,Private,"€36,340",[],,36340
data scientist,senior,hybrid,company_137,"Denver, CO . Hybrid",a month ago,"Denver, CO, US",Technology,Private,900,€913.33M,"€138,833","['spark', 'r', 'python', 'database', 'machine learning']",,138833
data scientist,senior,remote,company_141,"Fort Worth, TX",a month ago,"Bethesda, MD, US",Technology,Public,"108,670",€116.78B,"€100,470 - €132,436",['machine learning'],,116453
data scientist,senior,hybrid,company_145,"Austin, Texas . Hybrid",a day ago,"San Jose, CA, US",Technology,Public,"2,760",Public,"€200,936",[],,200936
data scientist,senior,hybrid,company_146,"Toronto, ON . Hybrid",11 days ago,"San Francisco, CA, US",Finance,Private,780,€11.80B,"€153,442 - €210,981",[],11,182211.5
data scientist,senior,Unknown,company_148,"Orlando, FL",5 days ago,"Charlotte, NC, US",Finance,Public,"14,090",€55.90B,"€88,185","['spark', 'r', 'python', 'sql', 'hadoop', 'machine learning']",5,88185
data scientist,senior,on-site,company_153,United States,15 days ago,"San Jose, CA, US",Technology,Private,900,Private,"€203,676 - €253,909","['pytorch', 'spark', 'aws', 'scikit-learn', 'python', 'docker', 'deep learning', 'java', 'sql', 'machine learning', 'gcp', 'kubernetes', 'hadoop', 'azure', 'tensorflow']",15,228792.5
data scientist,lead,remote,company_155,"All, MO",15 days ago,"Chicago, IL, US",Technology,Public,"2,570",Public,"€146,133 - €182,666","['aws', 'scikit-learn', 'python', 'sql', 'machine learning', 'tensorflow']",15,164399.5
machine learning engineer,Not Specified,on-site,company_156,"Mountain View, California (HQ) . On-site",8 days ago,"Mountain View, CA, US",Technology,Private,900,€8.10B,"€138,826 - €208,239",[],8,173532.5
data scientist,senior,on-site,company_158,"Reston, VA",4 days ago,"Falls Church, VA, US",Technology,Private,"21,690",Private,"€167,600 - €225,989","['aws', 'git', 'python', 'java', 'kubernetes', 'machine learning']",4,196794.5
data scientist,senior,remote,company_159,Fully Remote,2 months ago,"Roseville, CA, US",Technology,Private,900,€11.41B,"€133,351 - €155,271",[],2,144311
data scientist,senior,hybrid,company_164,"Redwood City, US, California . Hybrid",2 months ago,"München, BY, DE",Technology,Private,"2,010",€12.32B,"€149,786 - €195,453",[],2,172619.5
data scientist,senior,on-site,company_166,"Veldhoven, North Brabant, Netherlands . On-site",21 days ago,"Veldhoven, NB, NL",Technology,Public,"24,780",€173.21B,"€82,371",['r'],21,82371
data scientist,senior,remote,company_169,Fully Remote,4 days ago,"San Francisco, CA, US",Technology,Public,"4,080",€7.84B,"€224,774",[],4,224774
data scientist,senior,Unknown,company_170,"Ridgefield, CT",10 days ago,"Ingelheim am Rhein, RP, DE",Technology,Public,"52,060",Public,"€127,874 - €202,766","['pytorch', 'git', 'scikit-learn', 'python', 'docker', 'kubernetes', 'machine learning', 'tensorflow']",10,165320
data scientist,senior,Unknown,company_171,"Pune, Maharashtra, India",15 days ago,"Armonk, NY, US",Technology,Public,"524,608",€119.43B,"€27,274 - €52,695","['pandas', 'pytorch', 'r', 'python', 'java', 'database', 'keras', 'machine learning', 'matplotlib', 'tensorflow']",15,39984.5
data scientist,Not Specified,on-site,company_173,"San Mateo, CA . On-site",a month ago,"Burlingame, CA, US",Technology,Private,126,Private,"€109,602 - €123,302",[],,116452
data scientist,senior,on-site,company_176,On-site,11 days ago,"Mountain View, CA, US",Technology,Public,"2,790",Public,"€117,189 - €185,414",[],11,151301.5
data scientist,senior,on-site,company_177,"Omaha, NE . Newport Beach, CA . Massachusetts, United States",a month ago,"Newport Beach, CA, US",Finance,Public,"4,010",Public,"€149,445 - €182,654","['scikit-learn', 'python', 'sql', 'machine learning', 'tensorflow']",,166049.5
data scientist,senior,on-site,company_178,"Torrance, CA",3 days ago,"Torrance, CA, US",Technology,Public,"10,100",€36.69B,"€63,942","['spark', 'r', 'python', 'hadoop', 'machine learning']",3,63942
data scientist,senior,hybrid,company_179,"Los Angeles, CA . United States . San Francisco, CA . Hybrid",20 days ago,"Collingwood, VIC, AU",Technology,Private,150,€1.44B,"€182,668 - €214,634",['amazon'],20,198651
data scientist,midlevel,remote,company_181,"San Francisco, CA",8 days ago,"San Francisco, CA, US",Technology,Public,"1,290",Public,"€90,877 - €141,566","['tableau', 'sql', 'r', 'python']",8,116221.5
data scientist,senior,hybrid,company_182,"Navi Mumbai, Maharashtra, India . Hybrid",a month ago,"Chicago, IL, US",Finance,Public,"9,920",Public,"€15,542","['pandas', 'numpy', 'pytorch', 'scikit-learn', 'python', 'docker', 'scipy', 'sql', 'machine learning', 'deep learning', 'matplotlib', 'tensorflow']",,15542
data scientist,senior,hybrid,company_183,"Tallinn, Harjumaa, Estonia . Hybrid",15 days ago,"Tallinn, EE",Technology,Private,"3,770",Private,"€61,772","['pandas', 'numpy', 'spark', 'aws', 'scikit-learn', 'python', 'docker', 'airflow', 'sql', 'machine learning', 'deep learning']",15,61772
data scientist,senior,on-site,company_184,"New York, NY",8 days ago,"New York, NY, US",Retail,Public,"130,040",€5.18B,"€137,004",['machine learning'],8,137004
data scientist,senior,Unknown,company_185,"Fairfax, VA",2 months ago,"Falls Church, VA, US",Technology,Public,"97,010",€75.00B,"€171,892 - €257,744","['pytorch', 'git', 'python', 'machine learning', 'keras', 'deep learning', 'tensorflow']",2,214818
data scientist,senior,hybrid,company_186,"New York, NY . Hybrid",8 days ago,"New York, NY, US",Technology,Public,830,€14.48B,"€45,674 - €105,040","['database', 'sql', 'aws', 'python']",8,75357
data scientist,midlevel,Unknown,company_192,United States,a month ago,"NY, US",Technology,Private,15,Private,"€137,007 - €164,407","['amazon', 'spark', 'python', 'airflow', 'machine learning']",,150707
data scientist,senior,on-site,company_193,"Phoenix, AZ",3 days ago,"Phoenix, AZ, US",Energy,Public,"35,020",€37.86B,"€82,201","['powerbi', 'aws', 'r', 'python', 'sql', 'machine learning']",3,82201
data scientist,Not Specified,hybrid,company_196,Hybrid,7 months ago,"San Francisco, CA, US",Finance,Private,890,€12.43B,"€158,920 - €237,831",[],7,198375.5
data scientist,Not Specified,on-site,company_197,"Bengaluru, Karnataka, India . On-site",22 days ago,"Palo Alto, CA, US",Technology,Private,180,€913.33M,"€27,409",[],22,27409
data scientist,lead,hybrid,company_199,"Austin, TX . Hybrid",15 days ago,"Toronto, ON, CA",Technology,Public,"19,470",€91.70B,"€109,605","['java', 'sql', 'python']",15,109605
data scientist,lead,hybrid,company_203,"Cincinnati, OH . Chicago, IL . Hybrid",a day ago,"Cincinnati, OH, US",Technology,Private,"1,230",Private,"€199,795",[],,199795
data scientist,senior,on-site,company_207,"Manassas, VA",14 days ago,"Boise, ID, US",Technology,Public,"40,060",€55.54B,"€94,077 - €118,737","['aws', 'python', 'linux', 'sql', 'gcp', 'hadoop']",14,106407
data scientist,senior,Unknown,company_209,"Bengaluru, Karnataka, India",8 days ago,"New York, NY, US",Technology,Private,"1,270",€913.33M,"€639,348","['spark', 'aws', 'python', 'sql', 'gcp', 'deep learning', 'tensorflow', 'tableau']",8,639348
data analyst,midlevel,Unknown,company_211,"Eindhoven, North Brabant, Netherlands",15 days ago,"Amsterdam, NH, NL",Healthcare,Public,"82,020",Public,"€69,047",['python'],15,69047
data scientist,senior,Unknown,company_212,"Cincinnati, OH",5 days ago,"Boston, MA, US",Technology,Public,"222,500",Public,"€135,179","['azure', 'aws', 'machine learning', 'python']",5,135179
machine learning engineer,Not Specified,on-site,company_215,"San Francisco, CA . Seattle, WA . New York, NY . On-site",13 days ago,"San Francisco, CA, US",Technology,Private,580,€7.07B,"€200,939 - €296,838",[],13,248888.5
data scientist,lead,hybrid,company_221,"Bengaluru, Karnataka, India . Hybrid",8 days ago,"New York, NY, US",Technology,Private,900,Private,"€19,096","['spark', 'r', 'python', 'java', 'sql', 'machine learning']",8,19096
data scientist,senior,Unknown,company_223,Raleigh-Durham-Chapel Hill Area,2 days ago,"New York, NY, US",Technology,Public,"10,010",Public,"€99,560","['spark', 'aws', 'r', 'python', 'machine learning', 'hadoop', 'deep learning']",2,99560
data scientist,senior,hybrid,company_092,"McLean, VA . Hybrid",5 days ago,"Toronto, ON, CA",Technology,Public,"24,030",Public,"€92,838 - €172,407","['java', 'machine learning', 'r', 'python']",5,132622.5
data scientist,Not Specified,remote,company_225,Fully Remote,7 days ago,"San Francisco, CA, US",Retail,Private,"12,300",€35.97B,"€137,001",[],7,137001
data scientist,senior,on-site,company_226,"Rochester, New York Metropolitan Area",22 days ago,"Rochester, NY, US",Education,Unknown,"9,320",Education,"€55,196 - €77,273","['deep learning', 'machine learning']",22,66234.5
data scientist,senior,on-site,company_227,"Denver, CO",15 days ago,"Denver, CO, US",Healthcare,Public,"24,020",€6.34B,"€68,685 - €100,834","['pytorch', 'aws', 'r', 'python', 'docker', 'scikit-learn', 'sql', 'machine learning', 'gcp', 'deep learning', 'azure', 'tensorflow']",15,84759.5
data scientist,senior,hybrid,company_052,Greater São Paulo Area . Hybrid,22 days ago,"San Francisco, CA, US",Technology,Public,"26,910",€53.05B,"€50,222","['sql', 'r', 'python']",22,50222
data scientist,midlevel,on-site,company_230,"Mettawa, IL",6 days ago,"North Chicago, IL, US",Healthcare,Public,"49,360",€245.39B,"€137,003",[],6,137003
data scientist,senior,on-site,company_231,"South San Francisco, CA . On-site",25 days ago,"Kenilworth, NJ, US",Healthcare,Public,"78,750",€231.03B,"€124,219","['machine learning', 'r', 'python']",25,124219
data scientist,senior,remote,company_233,United States,5 days ago,"Reston, VA, US",Technology,Public,"27,450",Public,"€95,586 - €172,785","['machine learning', 'r', 'python']",5,134185.5
data scientist,lead,on-site,company_235,"San Antonio, TX",15 days ago,"San Antonio, TX, US",Finance,Private,"33,030",Private,"€137,008","['spark', 'r', 'python', 'sql', 'machine learning', 'hadoop', 'deep learning']",15,137008
data scientist,senior,remote,company_236,United States . Fully Remote,a day ago,"Miami, FL, US",Technology,Private,30,Private,"€137,002 - €155,268","['sql', 'machine learning', 'tableau', 'python']",,146135
data scientist,senior,Unknown,company_041,"Mississauga, Ontario, Canada",5 days ago,"BS, CH",Healthcare,Public,"93,560",€247.18B,"€74,130","['gcp', 'git', 'r']",5,74130
data scientist,senior,hybrid,company_241,"Manchester, England, United Kingdom . Hybrid",2 months ago,"London, GB",Technology,Private,180,Private,"€95,906 - €105,039","['pytorch', 'aws', 'scikit-learn', 'scipy', 'machine learning', 'gcp', 'azure', 'tensorflow']",2,100472.5
data scientist,Not Specified,on-site,company_243,"Bowie, MD . On-site",8 days ago,"Bowie, MD, US",Technology,Public,"2,820",Public,"€101,149 - €110,282",[],8,105715.5
data scientist,senior,on-site,company_244,"Plano, TX . On-site",15 days ago,"New York, NY, US",Finance,Public,"290,800",€350.17B,"€86,772 - €196,371","['pytorch', 'machine learning', 'tensorflow', 'python']",15,141571.5
data scientist,midlevel,Unknown,company_246,"Arlington, VA",8 days ago,"New York, NY, US",Finance,Private,"23,320",Private,"€173,540","['spark', 'python', 'docker', 'java', 'sql', 'machine learning', 'kubernetes', 'hadoop', 'deep learning']",8,173540
data scientist,lead,Unknown,company_250,"New York, NY",4 days ago,"Paris, FR",Healthcare,Private,"76,020",Private,"€171,458 - €238,990","['powerbi', 'r', 'python', 'scikit-learn', 'sql', 'machine learning', 'tensorflow', 'tableau']",4,205224
data scientist,lead,hybrid,company_252,"San Francisco, CA . Hybrid",5 days ago,"San Francisco, CA, US",Healthcare,Private,500,€1.72B,"€258,704",[],5,258704
data scientist,senior,Unknown,company_254,"Chicago, IL",9 days ago,"South Bend, IN, US",Healthcare,Public,"2,520",Public,"€63,935 - €86,768","['powerbi', 'r', 'python', 'sql', 'database', 'hadoop', 'tableau']",9,75351.5
data scientist,Not Specified,on-site,company_255,"Charlotte, NC . On-site",8 days ago,"Fort Mill, SC, US",Technology,Private,"3,760",€913.33M,"€123,305 - €137,005",[],8,130155
data scientist,senior,on-site,company_256,"San Francisco, CA . On-site",4 days ago,"San Francisco, CA, US",Technology,Private,150,€4.10B,"€155,274","['sql', 'machine learning', 'r', 'python']",4,155274
data scientist,senior,hybrid,company_257,"Foster City, CA . Hybrid",6 days ago,"Foster City, CA, US",Finance,Public,"21,050",€383.10B,"€120,561 - €192,988","['pytorch', 'spark', 'r', 'python', 'scikit-learn', 'machine learning', 'deep learning', 'tensorflow']",6,156774.5
machine learning engineer,senior,hybrid,company_007,"Vancouver, British Columbia, Canada . Hybrid",a month ago,"Redwood City, CA, US",Technology,Public,"25,940",€33.50B,"€59,371 - €63,938","['pytorch', 'machine learning', 'tensorflow', 'python']",,61654.5
data scientist,senior,on-site,company_261,"Alameda, CA",7 days ago,"Lake Bluff, IL, US",Healthcare,Public,"103,540",€162.59B,"€79,187","['spark', 'r', 'python', 'scala', 'linux', 'java', 'hadoop', 'machine learning']",7,79187
data scientist,senior,Unknown,company_183,"Berlin, Berlin, Germany",8 days ago,"Tallinn, EE",Technology,Private,"3,780",Private,"€98,643","['pandas', 'numpy', 'spark', 'aws', 'scikit-learn', 'python', 'airflow', 'machine learning']",8,98643
data scientist,senior,Unknown,company_268,"Singapore, Singapore",7 days ago,"Singapore, SG",Finance,Public,"30,870",Public,"€67,044","['pytorch', 'git', 'python', 'machine learning', 'tensorflow']",7,67044
data scientist,senior,Unknown,company_269,"Boston, MA . Newark, DE . Tampa, FL . Kennesaw, GA . Plano, TX + 8 More",a month ago,"Charlotte, NC, US",Finance,Public,"274,280",€277.07B,"€150,707 - €224,869","['python', 'java', 'sql', 'hadoop', 'machine learning']",,187788
data scientist,lead,Unknown,company_270,"New York, NY",2 months ago,"Woonsocket, RI, US",Healthcare,Public,"300,070",€121.12B,"€131,706 - €263,408","['sql', 'python']",2,197557
data scientist,midlevel,on-site,company_231,"San Diego, CA . On-site",5 days ago,"Kenilworth, NJ, US",Healthcare,Public,"78,720",€231.13B,"€115,539 - €181,846","['aws', 'git', 'r', 'python', 'java', 'machine learning', 'database', 'azure', 'matplotlib']",5,148692.5
data scientist,senior,on-site,company_273,"Redmond, WA",a month ago,"Menlo Park, CA, US",Technology,Public,"94,540",€230.42B,"€121,475 - €255,734","['sql', 'machine learning', 'r', 'python']",,188604.5
data scientist,lead,hybrid,company_276,Hybrid,a month ago,"Atlanta, GA, US",Technology,Private,360,€3.09B,"€294,100",[],,294100
data scientist,Not Specified,on-site,company_279,"San Francisco, California . On-site",8 days ago,"San Francisco, CA, US",Technology,Private,500,Private,"€127,874 - €155,273",[],8,141573.5
machine learning engineer,senior,Unknown,company_106,"Pune, Maharashtra, India",2 days ago,"København, DK",Logistics,Private,"38,130",€34.32B,"€26,760","['spark', 'aws', 'powerbi', 'python', 'docker', 'sql', 'machine learning', 'gcp', 'kubernetes', 'deep learning', 'azure']",2,26760
data scientist,midlevel,remote,company_280,"Annapolis Junction, MD . Annapolis, MD . Fully Remote",a month ago,"Annapolis, MD, US",Technology,Private,60,Private,"€109,600 - €182,666","['linux', 'machine learning', 'python']",,146133
data scientist,senior,remote,company_282,"Rosemont, IL",5 days ago,"Rosemont, IL, US",Healthcare,Public,"28,070",Public,"€68,501 - €109,601","['git', 'r', 'python', 'bash', 'sql', 'machine learning', 'deep learning']",5,89051
data scientist,lead,hybrid,company_115,"New York, NY . Hybrid",a month ago,"Frankfurt am Main, HE, DE",Finance,Public,"68,430",Public,"€137,002","['pandas', 'numpy', 'scikit-learn', 'python', 'sql', 'hadoop']",,137002
data scientist,senior,Unknown,company_207,"Hyderabad, Telangana, India",10 days ago,"Boise, ID, US",Technology,Public,"40,050",€55.39B,"€24,621","['pytorch', 'r', 'python', 'sql', 'machine learning', 'deep learning', 'tensorflow', 'tableau']",10,24621
data scientist,junior,Unknown,company_047,"Bengaluru, Karnataka, India",a month ago,"Bengaluru, KA, IN",Technology,Public,"222,040",€24.21B,"€10,055","['deep learning', 'machine learning']",,10055
data scientist,senior,on-site,company_288,"Chantilly, VA . On-site",a month ago,"Reston, VA, US",Technology,Public,"26,030",€63.09B,"€114,171","['aws', 'azure']",,114171
data scientist,senior,Unknown,company_290,"Pune, Maharashtra, India",8 days ago,"London, GB",Finance,Public,"68,160",€26.63B,"€29,949 - €41,758","['powerbi', 'aws', 'python', 'sql', 'machine learning', 'tableau']",8,35853.5
data scientist,senior,Unknown,company_291,"Bengaluru, Karnataka, India",5 days ago,"Bengaluru, KA, IN",Technology,Public,"261,060",€70.98B,"€9,583","['aws', 'r', 'python', 'sql', 'neural network', 'gcp', 'azure']",5,9583
data scientist,senior,on-site,company_141,"Orlando, FL",a month ago,"Bethesda, MD, US",Technology,Public,"108,650",€116.88B,"€68,500",['machine learning'],,68500
data scientist,senior,remote,company_293,"Bengaluru, Karnataka, India",3 months ago,"Bengaluru, KA, IN",Technology,Private,"15,440",€10.22B,"€36,104","['spark', 'python', 'sql', 'machine learning', 'deep learning', 'tensorflow']",3,36104
data scientist,senior,hybrid,company_295,"Montreal, Quebec, Canada . Hybrid",5 days ago,"Dartmouth, NS, CA",Technology,Private,31,Private,"€55,906","['pandas', 'numpy', 'pytorch', 'aws', 'scikit-learn', 'python', 'sql', 'machine learning']",5,55906
data scientist,midlevel,hybrid,company_296,"Lebanon, NH . Hybrid",17 days ago,"Bridgewater, NJ, US",Healthcare,Public,613,Public,"€81,293 - €108,937","['machine learning', 'python']",17,95115
data scientist,midlevel,on-site,company_166,"Veldhoven, North Brabant, Netherlands . On-site",8 days ago,"Veldhoven, NB, NL",Technology,Public,"24,820",€173.56B,"€82,373",['python'],8,82373
data scientist,senior,remote,company_298,United States,15 days ago,"Draper, UT, US",Healthcare,Public,"1,020",Public,"€88,140 - €136,089","['sql', 'azure', 'r', 'python']",15,112114.5
data scientist,senior,Unknown,company_303,"New York, NY",22 days ago,"Irving, TX, US",Technology,Public,"11,060",Public,"€114,175 - €118,741","['aws', 'git', 'python', 'sql', 'gcp', 'machine learning']",22,116458
data scientist,senior,on-site,company_034,"Annapolis Junction, MD",a month ago,"Baltimore, MD, US",Technology,Private,45,Private,"€178,100 - €210,980","['sql', 'machine learning', 'r', 'python']",,194540
data scientist,senior,Unknown,company_305,"Budapest, Budapest, Hungary",a month ago,"New York, NY, US",Finance,Public,"88,990",€132.46B,"€27,403","['machine learning', 'python']",,27403
data scientist,midlevel,remote,company_306,"Fort Meade, MD . Fort Meade, Maryland, Birleşik Devletler . Fully Remote",3 months ago,"Fulton, MD, US",Technology,Private,90,Private,"€127,871 - €178,103","['sql', 'machine learning', 'r', 'python']",3,152987
data scientist,senior,on-site,company_308,"Mountain View, CA",15 days ago,"Redmond, WA, US",Technology,Public,"182,338",€1.73T,"€171,712 - €277,840","['sql', 'python']",15,224776
data scientist,senior,Unknown,company_309,"Bengaluru, Karnataka, India",19 days ago,"New York, NY, US",Technology,Private,"3,540",Private,"€19,234","['pytorch', 'aws', 'git', 'python', 'docker', 'gcp', 'azure', 'tensorflow']",19,19234
data scientist,lead,on-site,company_310,Antwerp Metropolitan Area,2 days ago,"Arlington, VA, US",Technology,Public,"20,070",Public,"€90,697","['powerbi', 'tableau']",2,90697
machine learning engineer,Not Specified,on-site,company_312,"San Francisco, CA . Seattle, WA . New York, NY . On-site",13 days ago,"Montreal, QC, CA",Technology,Private,31,Private,"€200,939 - €296,838",[],13,248888.5
data scientist,senior,on-site,company_315,United States,9 days ago,"Austin, TX, US",Technology,Public,"212,610",€188.01B,"€99,744 - €204,046","['pytorch', 'aws', 'r', 'python', 'docker', 'machine learning', 'kubernetes', 'deep learning', 'tensorflow']",9,151895
data scientist,senior,on-site,company_316,"Dublin, County Dublin, Ireland",22 days ago,"Eden Prairie, MN, US",Healthcare,Public,"37,990",Public,"€52,987","['sql', 'azure', 'python']",22,52987
data scientist,lead,Unknown,company_251,"Alpharetta, GA",15 days ago,"Roseland, NJ, US",Technology,Public,"65,120",Public,"€115,086","['spark', 'aws', 'r', 'python', 'scala', 'java', 'sql', 'machine learning', 'hadoop', 'azure', 'tensorflow', 'tableau']",15,115086
data scientist,senior,remote,company_318,United States,a month ago,"Dallas, TX, US",Technology,Public,"55,070",€14.86B,"€100,467",['machine learning'],,100467
machine learning engineer,senior,hybrid,company_008,"San Jose, CA . Hybrid",15 days ago,"San Jose, CA, US",Technology,Public,"34,690",€81.56B,"€125,584 - €216,003","['pandas', 'numpy', 'pytorch', 'spark', 'aws', 'scikit-learn', 'python', 'java', 'sql', 'machine learning', 'tensorflow']",15,170793.5
data scientist,senior,on-site,company_324,United States . On-site,8 days ago,"Palo Alto, CA, US",Technology,Private,"2,540",€3.95B,"€137,003 - €150,703","['sql', 'machine learning', 'r', 'python']",8,143853
machine learning engineer,senior,Unknown,company_326,Unknown,2 years ago,"Mumbai, MH, IN",Technology,Private,910,€7.41B,"€44,207",[],2,44207
data scientist,senior,remote,company_328,"Riverwoods, IL",10 days ago,"Riverwoods, IL, US",Technology,Public,"14,460",€26.53B,"€118,733 - €166,226","['sql', 'tableau']",10,142479.5
data scientist,lead,on-site,company_336,"South San Francisco, CA",6 days ago,"South San Francisco, CA, US",Technology,Private,"14,040",Private,"€195,911",['machine learning'],6,195911
data scientist,midlevel,remote,company_337,"Tallahassee, FL . Arlington, VA . Fully Remote",25 days ago,"Fairfax, VA, US",Finance,Public,"7,290",Public,"€131,219 - €223,067","['r', 'python', 'sql', 'machine learning', 'database', 'deep learning']",25,177143
data scientist,senior,remote,company_339,Fully Remote,a month ago,"Chicago, IL, US",Technology,Private,960,€3.04B,"€164,405 - €226,054",[],,195229.5
data scientist,senior,hybrid,company_340,"San Jose, CA . Hybrid",2 months ago,"New York, NY, US",Technology,Private,750,Private,"€112,800 - €194,405","['sql', 'machine learning', 'r', 'python']",2,153602.5
data scientist,Not Specified,on-site,company_341,On-site,13 days ago,"San Francisco, CA, US",Technology,Private,600,€13.85B,"€127,868 - €143,851",[],13,135859.5
data scientist,senior,Unknown,company_343,"Edinburgh, Scotland, United Kingdom",a day ago,"Edinburgh, GB",Finance,Public,"60,010",€24.78B,"€59,677","['machine learning', 'python']",,59677
data scientist,senior,on-site,company_201,"Milwaukee, WI",8 days ago,"Deerfield, IL, US",Healthcare,Public,"48,050",€25.16B,"€102,300 - €140,660","['spark', 'python', 'scala', 'machine learning', 'database', 'azure', 'tableau']",8,121480
data scientist,midlevel,on-site,company_352,"Pune, Maharashtra, India . On-site",3 months ago,"Evanston, IL, US",Technology,Private,"12,090",Private,"€13,173","['amazon', 'r', 'python', 'java', 'database', 'hadoop', 'machine learning']",3,13173
data scientist,senior,remote,company_353,Fully Remote,2 months ago,"Washington, US",Technology,Private,351,Private,"€164,400",[],2,164400
data scientist,senior,on-site,company_355,"Seattle, WA",a month ago,"San Francisco, CA, US",Technology,Public,"65,870",€130.59B,"€125,223 - €216,007","['sql', 'r', 'python']",,170615
data scientist,senior,on-site,company_184,"Johns Creek, GA",6 days ago,"New York, NY, US",Retail,Public,"130,020",€5.18B,"€137,000",['machine learning'],6,137000
data scientist,senior,hybrid,company_357,"Basking Ridge, NJ . Irving, TX . Temple Terrace, FL . Boston, MA . Ashburn, VA + 1 More . Hybrid",8 days ago,"Basking Ridge, NJ, US",Technology,Public,"132,060",€142.23B,"€92,254","['python', 'sql', 'machine learning', 'database', 'hadoop', 'deep learning']",8,92254
data scientist,senior,Unknown,company_360,"Itanagar, Arunachal Pradesh, India",2 months ago,"Mumbai, MH, IN",Finance,Private,"78,060",Private,"€12,924","['pandas', 'numpy', 'pytorch', 'spark', 'aws', 'git', 'scikit-learn', 'python', 'docker', 'scipy', 'hadoop', 'machine learning', 'database', 'keras', 'deep learning', 'matplotlib', 'tensorflow']",2,12924
data scientist,senior,remote,company_362,Fully Remote,16 days ago,"San Francisco, CA, US",Technology,Private,"1,890",€9.48B,"€198,198 - €277,565",[],16,237881.5
data scientist,senior,on-site,company_031,"New Brunswick, NJ",a day ago,"New Brunswick, NJ, US",Healthcare,Public,"128,860",€412.87B,"€97,046 - €131,295","['aws', 'powerbi', 'r', 'python', 'airflow', 'machine learning', 'azure', 'tableau']",,114170.5
data scientist,senior,on-site,company_363,"Bellevue, WA",23 days ago,"New York, NY, US",Technology,Public,"24,320",Public,"€109,328 - €203,035","['pytorch', 'scikit-learn', 'python', 'scala', 'java', 'machine learning', 'tensorflow']",23,156181.5
data scientist,lead,on-site,company_235,"Phoenix, AZ",15 days ago,"San Antonio, TX, US",Finance,Private,"33,050",Private,"€137,000","['spark', 'r', 'python', 'sql', 'machine learning', 'hadoop', 'deep learning']",15,137000
data scientist,senior,Unknown,company_365,"McLean, VA",2 months ago,"Annapolis Junction, MD, US",Technology,Private,420,Private,"€72,666 - €159,901","['database', 'machine learning', 'python']",2,116283.5
data scientist,lead,Unknown,company_366,"Columbia, MD",14 days ago,"Columbia, MD, US",Technology,Private,180,Private,"€100,472 - €146,138","['pytorch', 'spark', 'aws', 'r', 'python', 'scikit-learn', 'scala', 'sql', 'machine learning', 'gcp', 'azure', 'tensorflow']",14,123305
data scientist,senior,on-site,company_367,On-site,a month ago,"New York, NY, US",Technology,Private,420,Private,"€144,307 - €167,140",[],,155723.5
data scientist,senior,Unknown,company_185,"Utah, United States",15 days ago,"Falls Church, VA, US",Technology,Public,"97,070",€75.20B,"€125,495 - €188,149","['aws', 'gcp', 'azure']",15,156822
machine learning engineer,senior,Unknown,company_371,"South San Francisco, CA . South San Francisco, Kalifornia, Stany Zjednoczone",7 days ago,"South San Francisco, CA, US",Healthcare,Private,250,Private,"€190,891 - €212,811","['pytorch', 'python', 'machine learning', 'deep learning', 'tensorflow']",7,201851
data scientist,senior,hybrid,company_146,"Kitchener-Waterloo, ON . Toronto, ON . Hybrid",11 days ago,"San Francisco, CA, US",Finance,Private,780,€11.85B,"€153,447 - €210,986",[],11,182216.5
machine learning engineer,senior,on-site,company_178,"Torrance, CA",15 days ago,"Torrance, CA, US",Technology,Public,"10,100",€36.69B,"€63,941","['java', 'machine learning', 'r', 'python']",15,63941
data scientist,Not Specified,remote,company_112,Fully Remote,4 days ago,"San Francisco, CA, US",Technology,Private,420,€4.85B,"€213,594",[],4,213594
machine learning engineer,lead,Unknown,company_326,Unknown,a year ago,"Mumbai, MH, IN",Technology,Private,910,€7.66B,"€44,202",[],,44202
data scientist,senior,hybrid,company_382,Greater Chicago Area . Hybrid,a month ago,"Chicago, IL, US",Finance,Private,660,€2.03B,"€73,068 - €91,335","['aws', 'python', 'sql', 'machine learning', 'deep learning']",,82201.5
data scientist,Not Specified,on-site,company_383,"Barcelona, Spain . On-site",2 months ago,"Milano, IT",Technology,Private,"3,800",Private,"€46,528 - €76,222",[],2,61375
data scientist,senior,on-site,company_071,"Cambridge, MA",5 days ago,"Cambridge, MA, US",Technology,Public,"9,020",Public,"€9,140","['r', 'python', 'sql', 'hadoop', 'machine learning']",5,9140
data scientist,senior,on-site,company_384,"Normal, IL . Plymouth, MI . Palo Alto, CA . Irvine, CA . Atlanta, GA",15 days ago,"Irvine, CA, US",Technology,Public,"3,780",€25.21B,"€147,050 - €196,370","['sql', 'r', 'python']",15,171710
machine learning engineer,Not Specified,hybrid,company_387,"Sunnyvale, CA . Hybrid",a day ago,"San Francisco, CA, US",Technology,Private,900,€8.62B,"€144,491",[],,144491
data scientist,senior,remote,company_176,Fully Remote,11 days ago,"Mountain View, CA, US",Technology,Public,"2,780",Public,"€146,050 - €230,989",[],11,188519.5
data scientist,senior,on-site,company_389,"Menlo Park, CA",3 months ago,"Bozeman, MT, US",Technology,Public,"3,760",€37.49B,"€181,756 - €258,932",['python'],3,220344
data scientist,senior,remote,company_391,Fully Remote,7 days ago,"Greenbelt, MD, US",Technology,Private,270,Private,"€132,438 - €159,838",[],7,146138
data scientist,senior,on-site,company_392,"Cincinnati, OH",a month ago,"Jacksonville, FL, US",Finance,Public,"62,010",€35.07B,"€157,017 - €263,794","['spark', 'aws', 'python', 'sql', 'machine learning', 'gcp', 'azure']",,210405.5
data scientist,midlevel,on-site,company_395,"McLean, VA",6 days ago,"McLean, VA, US",Retail,Public,"55,120",€36.18B,"€121,479 - €138,650","['spark', 'aws', 'r', 'python', 'scala', 'sql', 'database', 'machine learning']",6,130064.5
data scientist,senior,on-site,company_316,"Dublin, County Dublin, Ireland",15 days ago,"Eden Prairie, MN, US",Healthcare,Public,"37,970",Public,"€57,318","['machine learning', 'r', 'python']",15,57318
data scientist,senior,on-site,company_367,On-site,a month ago,"New York, NY, US",Technology,Private,420,Private,"€216,463 - €242,949",[],,229706
data scientist,Not Specified,hybrid,company_403,"Boston, MA . Hybrid",5 days ago,"Boston, MA, US",Retail,Public,"17,010",Public,"€130,609 - €140,656",[],5,135632.5
data scientist,senior,Unknown,company_404,United States,10 days ago,"Northbrook, IL, US",Technology,Public,"8,270",€31.37B,"€87,412 - €139,463","['aws', 'r', 'python', 'linux', 'sql', 'machine learning', 'deep learning', 'azure']",10,113437.5
data scientist,senior,remote,company_337,"Arlington, VA",a month ago,"Fairfax, VA, US",Finance,Public,"7,290",Public,"€89,623 - €152,356","['r', 'python', 'sql', 'machine learning', 'database', 'deep learning']",,120989.5
machine learning engineer,midlevel,on-site,company_336,"New York, NY",14 days ago,"South San Francisco, CA, US",Technology,Private,"14,060",Private,"€128,871 - €239,383","['deep learning', 'machine learning', 'r', 'python']",14,184127
data scientist,senior,on-site,company_410,On-site,4 months ago,"San Francisco, CA, US",Technology,Private,320,Private,"€28,130",[],4,28130
data scientist,midlevel,on-site,company_411,"San Francisco, CA",15 days ago,"Santa Monica, CA, US",Technology,Public,"9,770",Public,"€130,667 - €241,897","['spark', 'aws', 'python', 'airflow', 'sql', 'gcp', 'machine learning']",15,186282
data scientist,senior,on-site,company_412,"Atlanta, GA",a month ago,"Minneapolis, MN, US",Finance,Private,"1,280",Private,"€67,682 - €101,475","['pandas', 'aws', 'scikit-learn', 'python', 'sql', 'machine learning', 'gcp', 'azure', 'matplotlib']",,84578.5
data scientist,senior,hybrid,company_414,"London, England, United Kingdom . Hybrid",15 days ago,"Newton, MA, US",Technology,Public,351,Public,"€91,337 - €137,003","['sql', 'aws', 'r', 'python']",15,114170
data scientist,senior,hybrid,company_417,"Bengaluru, Karnataka, India . Hybrid",a month ago,"San Jose, CA, US",Technology,Public,"98,130",€167.14B,"€32,665","['pandas', 'numpy', 'pytorch', 'aws', 'r', 'python', 'scikit-learn', 'scipy', 'sql', 'machine learning', 'deep learning', 'keras', 'azure', 'matplotlib', 'tensorflow', 'tableau']",,32665
data scientist,senior,remote,company_418,"Washington, United States . Idaho, United States . Arizona, United States . Georgia, United States . South Carolina, United States + 1 More . Fully Remote",7 days ago,"Seattle, WA, US",Finance,Unknown,"2,810",Nonprofit,"€88,967 - €166,051","['tableau', 'sql', 'r', 'python']",7,127509
data scientist,midlevel,remote,company_421,Mexico City Metropolitan Area . Fully Remote,15 days ago,"Cheyenne, WY, US",Technology,Unknown,Private,Not Mentioned,"€25,212","['sql', 'machine learning', 'python']",15,25212
data scientist,senior,Unknown,company_422,"Englewood, CO",a month ago,"Englewood, CO, US",Technology,Public,"2,520",Public,"€105,439","['sql', 'r', 'python']",,105439
data scientist,senior,hybrid,company_423,"New York, NY . Hybrid",a month ago,"New York, NY, US",Technology,Private,500,Private,"€118,741 - €137,008",[],,127874.5
data scientist,senior,remote,company_425,"Madrid, Community of Madrid, Spain",25 days ago,"Amsterdam, NH, NL",Technology,Private,"5,560",Private,"€55,995","['spark', 'aws', 'powerbi', 'r', 'python', 'docker', 'linux', 'sql', 'azure', 'tableau']",25,55995
data scientist,lead,hybrid,company_426,"Palo Alto, CA . Hybrid",2 months ago,"Palo Alto, CA, US",Technology,Private,126,Private,"€186,327 - €261,220",[],2,223773.5
data scientist,senior,hybrid,company_428,"Seattle, WA . Hybrid",4 days ago,"San Francisco, CA, US",Technology,Private,45,Private,"€210,073 - €251,172","['sql', 'python']",4,230622.5
data scientist,Not Specified,hybrid,company_433,Hybrid,a month ago,"Toronto, ON, CA",Technology,Private,56,Private,"€36,542 - €54,809",[],,45675.5
data scientist,senior,on-site,company_435,"Toronto, Ontario, Canada",5 days ago,"Toronto, ON, CA",Finance,Private,"45,050",Private,"€94,256 - €175,359","['machine learning', 'python']",5,134807.5
data scientist,senior,Unknown,company_069,United States,5 days ago,"Chicago, IL, US",Technology,Private,210,Private,"€87,407","['spark', 'aws', 'python', 'sql', 'machine learning', 'gcp', 'azure']",5,87407
data scientist,Not Specified,on-site,company_438,"New York City, New York, United States . On-site",2 months ago,"San Francisco, CA, US",Technology,Private,150,Private,"€154,356",[],2,154356
data scientist,senior,Unknown,company_440,"Lexington, MA . Massachusetts, United States",a month ago,"London, GB",Technology,Public,"1,800",Public,"€109,604","['aws', 'scikit-learn', 'python', 'sql', 'machine learning', 'deep learning', 'tensorflow']",,109604
data scientist,lead,Unknown,company_449,"New York, United States",6 days ago,"New York, NY, US",Technology,Private,"1,020",Private,"€141,571 - €164,405","['tableau', 'sql', 'r', 'python']",6,152988
data scientist,senior,on-site,company_450,"Fort George G Meade, Maryland, United States . On-site",3 months ago,"Catonsville, MD, US",Technology,Private,45,Private,"€89,511 - €196,370",[],3,142940.5
data scientist,midlevel,remote,company_421,"São Paulo, São Paulo, Brazil . Fully Remote",14 days ago,"Cheyenne, WY, US",Technology,Unknown,Private,Not Mentioned,"€25,214","['sql', 'machine learning', 'python']",14,25214
data scientist,midlevel,on-site,company_456,"Sacramento, CA",19 days ago,"Sacramento, CA, US",Healthcare,Unknown,"55,010",Nonprofit,"€115,891 - €172,882",[],19,144386.5
data scientist,senior,Unknown,company_457,"New York, United States . Minneapolis, MN . Chicago, IL",5 days ago,"Minneapolis, MN, US",Technology,Private,420,Private,"€68,504 - €84,944","['git', 'r', 'python', 'docker', 'sql', 'machine learning']",5,76724
data scientist,midlevel,on-site,company_460,"Bellevue, WA",a month ago,"Dania Beach, FL, US",Retail,Public,"7,100",Public,"€122,847 - €196,370","['aws', 'git', 'python', 'sql', 'machine learning']",,159608.5
data scientist,senior,on-site,company_211,"Bengaluru, Karnataka, India . Bengaluru East, Karnataka, India",3 months ago,"Amsterdam, NH, NL",Healthcare,Public,"82,030",Public,"€27,524","['pytorch', 'python', 'docker', 'machine learning', 'kubernetes', 'deep learning', 'tensorflow']",3,27524
data scientist,senior,on-site,company_438,"New York City, New York, United States . On-site",23 days ago,"San Francisco, CA, US",Technology,Private,150,Private,"€151,203",[],23,151203
data scientist,lead,hybrid,company_461,"Bengaluru, Karnataka, India . Hybrid",a month ago,"Toronto, ON, CA",Finance,Private,"7,030",Private,"€14,064","['aws', 'machine learning', 'gcp', 'azure', 'deep learning']",,14064
machine learning engineer,senior,on-site,company_465,"Washington, DC . On-site",14 days ago,"San Francisco, CA, US",Technology,Private,"3,570",Private,"€120,104 - €200,112","['deep learning', 'aws', 'machine learning', 'python']",14,160108
machine learning engineer,midlevel,on-site,company_025,"Jersey City, NJ",12 days ago,"Teaneck, NJ, US",Technology,Public,"309,170",Public,"€146,134 - €164,401","['aws', 'gcp', 'azure']",12,155267.5
data scientist,senior,Unknown,company_468,"Los Alamos, NM",14 days ago,"Los Alamos, NM, US",Energy,Unknown,"12,802",Education,"€114,354 - €192,992","['git', 'r', 'python', 'sql', 'machine learning', 'database', 'deep learning']",14,153673
data scientist,senior,on-site,company_474,"Irvine, CA",6 days ago,US,Technology,Private,"5,540",Private,"€92,252 - €170,573","['amazon', 'pytorch', 'aws', 'python', 'java', 'machine learning', 'deep learning', 'keras', 'azure', 'tensorflow']",6,131412.5
data scientist,senior,remote,company_475,"Brisbane, CA",19 days ago,"South San Francisco, CA, US",Healthcare,Public,660,Public,"€164,408 - €211,900","['pandas', 'numpy', 'git', 'r', 'python', 'scikit-learn', 'machine learning', 'matplotlib']",19,188154
data scientist,Not Specified,on-site,company_477,"Mountain View, California, United States . On-site",5 months ago,"Mountain View, CA, US",Technology,Private,310,Private,"€187,241",[],5,187241
machine learning engineer,senior,Unknown,company_142,"New York, NY . Boston, MA . Los Angeles, CA",a year ago,"Cambridge, MA, US",Technology,Unknown,Private,Not Mentioned,"€146,141 - €255,740","['pytorch', 'machine learning']",,200940.5
data scientist,midlevel,hybrid,company_480,"Kansas City, KS . Hybrid",a month ago,"Kansas City, KS, US",Healthcare,Unknown,"4,104",Education,"€75,814 - €119,654","['pytorch', 'r', 'python', 'machine learning', 'deep learning', 'tensorflow']",,97734
data scientist,senior,on-site,company_482,"Boston, MA . United States",22 days ago,"Boston, MA, US",Finance,Private,"45,070",Private,"€109,600","['deep learning', 'machine learning']",22,109600
data scientist,senior,hybrid,company_340,"San Jose, CA . Hybrid",2 months ago,"New York, NY, US",Technology,Private,750,Private,"€112,803 - €194,408","['sql', 'machine learning', 'r', 'python']",2,153605.5
data scientist,junior,on-site,company_484,"San Diego, CA",7 days ago,"San Diego, CA, US",Technology,Private,"1,050",Private,"€81,294 - €109,607","['sql', 'machine learning', 'tableau']",7,95450.5
data scientist,senior,remote,company_485,United States . Fully Remote,14 days ago,"Eden Prairie, MN, US",Technology,Private,550,Private,"€127,869 - €164,402","['pytorch', 'scikit-learn', 'python', 'java', 'machine learning', 'tensorflow']",14,146135.5
data scientist,senior,Unknown,company_486,"Bengaluru, Karnataka, India",a month ago,"San Jose, CA, US",Technology,Private,"1,800",Private,"€19,988","['pytorch', 'aws', 'python', 'docker', 'gcp', 'kubernetes', 'azure']",,19988
data scientist,senior,hybrid,company_313,"Toronto, Ontario, Canada . Hybrid",7 days ago,"London, GB",Finance,Public,"29,480",Public,"€73,457","['machine learning', 'python']",7,73457
data scientist,senior,Unknown,company_488,"Boston, MA . บอสตัน, รัฐแมสซาชูเซตส์, สหรัฐ",25 days ago,"Boston, MA, US",Healthcare,Unknown,"4,310",Nonprofit,"€138,543 - €173,111","['r', 'python', 'sql', 'machine learning', 'tableau']",25,155827
data scientist,junior,hybrid,company_490,"Overland Park, KS . Frisco, TX . Bellevue, WA . Hybrid",3 days ago,"Bellevue, WA, US",Technology,Public,"83,550",Public,"€78,825 - €142,210","['sql', 'machine learning', 'r', 'python']",3,110517.5
data scientist,midlevel,Unknown,company_268,"Singapore, Singapore",2 days ago,"Singapore, SG",Finance,Public,"30,830",Public,"€67,044","['spark', 'git', 'python', 'sql', 'hadoop']",2,67044
data scientist,lead,hybrid,company_499,"Lake Mary, FL . Hybrid",4 days ago,"New York, NY, US",Finance,Public,"51,750",Public,"€109,606","['sql', 'kubernetes', 'machine learning', 'python']",4,109606
data scientist,senior,hybrid,company_500,"Vilniaus, Lithuania . Nzalae/ Nzawa locations, Kitui County, Kenya . Hybrid",5 months ago,"Miami, FL, US",Technology,Private,75,Private,"€5,940 - €8,223","['aws', 'database', 'sql', 'machine learning', 'gcp', 'kubernetes', 'deep learning', 'azure']",5,7081.5
data scientist,midlevel,on-site,company_503,"Brazil, Sao Paulo . On-site",14 days ago,"São Paulo, SP, BR",Technology,Private,"7,070",Private,"€28,878 - €39,713",[],14,34295.5
data scientist,senior,Unknown,company_513,"Washington, DC",2 days ago,"Vienna, VA, US",Technology,Private,90,Private,"€146,134 - €182,667","['spark', 'r', 'python', 'sql', 'machine learning']",2,164400.5
data scientist,Not Specified,remote,company_516,Fully Remote,2 days ago,"San Diego, CA, US",Technology,Private,126,Private,"€127,874 - €141,573",[],2,134723.5
data scientist,lead,remote,company_517,Fully Remote,7 days ago,"Gaithersburg, MD, US",Technology,Private,750,Private,"€255,738",[],7,255738
data scientist,senior,Unknown,company_521,"San Francisco, CA . Chicago, IL . Seattle, WA . New York, NY",13 days ago,"San Francisco, CA, US",Technology,Private,524,Private,"€114,175 - €155,274","['pandas', 'sql', 'python']",13,134724.5
data scientist,senior,remote,company_523,"Alpharetta, GA",3 months ago,"Chicago, IL, US",Healthcare,Public,"6,470",Public,"€82,480 - €137,371","['pandas', 'numpy', 'aws', 'scikit-learn', 'python', 'scipy', 'database', 'matplotlib']",3,109925.5
data scientist,senior,on-site,company_524,"Orlando, FL",4 days ago,"Fairfax, VA, US",Technology,Private,"8,520",Private,"€97,168 - €107,796","['amazon', 'azure', 'machine learning']",4,102482
data scientist,senior,Unknown,company_527,"Plainsboro, NJ",7 days ago,"Bagsværd, DK",Healthcare,Public,"55,215",Public,"€131,088",['deep learning'],7,131088
machine learning engineer,Not Specified,hybrid,company_532,"New York, NY . Hybrid",23 days ago,"New York, NY, US",Technology,Private,180,Private,"€173,536 - €228,335",[],23,200935.5
data scientist,senior,remote,company_540,Fully Remote,8 days ago,"San Diego, CA, US",Technology,Private,45,Private,"€118,741",[],8,118741
data scientist,lead,hybrid,company_544,"Tempe, AZ . Hybrid",20 days ago,"Bloomington, IL, US",Finance,Private,"55,070",Private,"€100,470 - €137,003","['linux', 'aws', 'r', 'python']",20,118736.5
data scientist,senior,on-site,company_545,"Indianapolis, IN",15 days ago,"Indianapolis, IN, US",Healthcare,Public,"35,050",Public,"€138,373 - €202,945",['tableau'],15,170659
machine learning engineer,senior,hybrid,company_546,"Redwood City, CA . Hybrid",7 days ago,"Redwood City, CA, US",Retail,Public,"2,010",Public,"€172,567 - €244,914","['pytorch', 'spark', 'python', 'scala', 'sql', 'machine learning', 'deep learning', 'tensorflow']",7,208740.5
data scientist,senior,hybrid,company_549,"Santa Clara, CA . Hybrid",3 months ago,"Santa Clara, CA, US",Technology,Private,600,Private,"€205,499 - €273,999","['pandas', 'numpy', 'pytorch', 'spark', 'aws', 'python', 'machine learning', 'gcp', 'deep learning', 'azure', 'matplotlib', 'tensorflow']",3,239749
data scientist,senior,on-site,company_551,"Bengaluru, Karnataka, India",2 months ago,"Vancouver, BC, CA",Technology,Private,"1,310",Private,"€15,667","['powerbi', 'python', 'sql', 'machine learning', 'deep learning', 'matplotlib', 'tableau']",2,15667
data scientist,Not Specified,remote,company_019,Fully Remote,a month ago,"Boston, MA, US",Technology,Private,126,Private,"€155,272",[],,155272
data scientist,lead,on-site,company_555,"Boston, MA",7 days ago,"Boston, MA, US",Finance,Public,"3,040",Public,"€141,571","['sql', 'machine learning', 'r', 'python']",7,141571
data scientist,senior,hybrid,company_558,"Boston, MA . Hybrid",16 hours ago,"Boston, MA, US",Finance,Private,"60,640",Private,"€109,605 - €159,838","['r', 'python', 'machine learning', 'keras', 'deep learning', 'tensorflow']",16,134721.5
data scientist,lead,remote,company_155,"Raleigh, NC",18 days ago,"Chicago, IL, US",Technology,Public,"2,570",Public,"€146,135 - €182,668","['aws', 'scikit-learn', 'python', 'sql', 'machine learning', 'tensorflow']",18,164401.5
data scientist,senior,remote,company_564,Fully Remote,a month ago,"Palo Alto, CA, US",Technology,Private,300,Private,"€168,061 - €192,721",[],,180391
data scientist,senior,on-site,company_568,"Brooklyn, OH . Cleveland, OH . United States",a month ago,"Cleveland, OH, US",Finance,Public,"18,030",Public,"€115,085 - €126,958","['sql', 'r', 'python']",,121021.5
data scientist,senior,remote,company_572,Fully Remote,3 days ago,"San Francisco, CA, US",Technology,Private,45,Private,"€155,269 - €178,102",[],3,166685.5
data scientist,midlevel,on-site,company_574,"Chicago, IL",5 days ago,CA,Technology,Private,"43,933",Private,"€52,518 - €97,271",[],5,74894.5
data scientist,senior,on-site,company_577,"South San Francisco, CA",4 days ago,"South San Francisco, CA, US",Technology,Private,126,Private,"€147,049 - €185,363","['pytorch', 'aws', 'r', 'python', 'docker', 'scikit-learn', 'machine learning', 'gcp', 'deep learning', 'azure', 'matplotlib', 'tensorflow']",4,166206
data scientist,midlevel,on-site,company_579,"Philadelphia, PA",10 months ago,"Philadelphia, PA, US",Education,Unknown,"39,879",Education,"€91,339 - €109,605","['sql', 'machine learning', 'r', 'python']",10,100472
data scientist,lead,on-site,company_412,"Minneapolis, MN",a month ago,"Minneapolis, MN, US",Finance,Private,"1,320",Private,"€112,348 - €168,609","['pytorch', 'aws', 'python', 'sql', 'machine learning', 'gcp', 'azure', 'tensorflow']",,140478.5
data scientist,senior,hybrid,company_500,"Bucharest, Bucharest, Romania . Vilnius, Vilniaus, Lithuania . Estonia . Bulgaria . Poland + 11 More . Hybrid",2 months ago,"Miami, FL, US",Technology,Private,75,Private,"€5,939 - €8,222","['aws', 'database', 'sql', 'machine learning', 'gcp', 'kubernetes', 'deep learning', 'azure']",2,7080.5
data scientist,senior,remote,company_587,United States . Fully Remote,14 days ago,"Rockville, MD, US",Healthcare,Private,490,Private,"€91,336 - €109,602","['pandas', 'numpy', 'aws', 'git', 'scikit-learn', 'python', 'sql', 'gcp', 'database', 'machine learning']",14,100469
machine learning engineer,senior,remote,company_589,Fully Remote,a month ago,"Chicago, IL, US",Technology,Public,990,Public,"€197,190 - €236,660",[],,216925
data scientist,senior,hybrid,company_590,"San Francisco, California, United States . San Francisco, California, USA . Hybrid",a month ago,"Pittsburgh, PA, US",Healthcare,Private,45,Private,"€159,834 - €205,500",[],,182667
data scientist,senior,hybrid,company_591,"Chicago, IL . إلينوي شيكاغو الولايات المتحدة . Hybrid",2 months ago,"Chicago, IL, US",Healthcare,Private,420,Private,"€95,901 - €123,301","['sql', 'machine learning', 'scikit-learn', 'python']",2,109601
data scientist,senior,hybrid,company_145,"Austin, Texas . Hybrid",a day ago,"San Jose, CA, US",Technology,Public,"2,760",Public,"€200,937",[],,200937
data scientist,senior,on-site,company_596,"San Diego, CA",a month ago,"San Diego, CA, US",Healthcare,Public,"4,040",Public,"€129,513 - €215,914","['r', 'python', 'scala', 'sql', 'gcp']",,172713.5
data scientist,lead,Unknown,company_598,Salt Lake City Metropolitan Area,7 days ago,"Salt Lake City, UT, US",Education,Unknown,"9,030",Education,"€182,667","['sql', 'machine learning', 'python']",7,182667
data scientist,midlevel,Unknown,company_601,"Pune, Maharashtra, India",7 days ago,"London, GB",Finance,Public,"205,350",Public,"€30,455","['scikit-learn', 'python', 'sql', 'database', 'machine learning']",7,30455
data scientist,junior,Unknown,company_603,"Queenstown, Central Singapore Community Development Council, Singapore",3 months ago,"Singapore, SG",Education,Unknown,210,Education,"€54,802","['tableau', 'r', 'python']",3,54802
data scientist,midlevel,remote,company_472,"Brookfield, WI . Fully Remote",7 days ago,"Seattle, WA, US",Healthcare,Private,"3,810",Private,"€59,552 - €138,317","['aws', 'r', 'python', 'sql', 'machine learning']",7,98934.5
data scientist,senior,hybrid,company_607,"Yonkers, New York, United States . Hybrid",17 hours ago,"Yonkers, NY, US",Healthcare,Private,683,Private,"€120,568 - €134,268",[],17,127418
data scientist,senior,hybrid,company_608,"Berlin, Berlin, Germany . Hybrid",a month ago,"Berlin, DE",Technology,Private,"8,350",Private,"€86,270 - €119,421","['scala', 'spark', 'machine learning', 'python']",,102845.5
data scientist,lead,hybrid,company_609,"Golden Valley, MN . Austin, TX . Hybrid",7 days ago,"Austin, TX, US",Technology,Public,"4,770",Public,"€119,819 - €178,753","['pandas', 'numpy', 'pytorch', 'spark', 'aws', 'git', 'r', 'python', 'scikit-learn', 'sql', 'machine learning', 'keras', 'azure', 'tensorflow']",7,149286
data scientist,senior,hybrid,company_610,"Chicago, IL . Hybrid",5 days ago,"Chicago, IL, US",Technology,Private,"51,270",Private,"€83,821","['git', 'r', 'python', 'sql', 'machine learning', 'deep learning']",5,83821
data scientist,senior,remote,company_611,Fully Remote,22 days ago,"Denver, CO, US",Technology,Public,"2,540",Public,"€137,006 - €200,939",[],22,168972.5
data scientist,senior,Unknown,company_614,Ukraine,14 days ago,"Austin, TX, US",Technology,Private,"10,270",Private,"€65,768","['amazon', 'pytorch', 'python', 'machine learning', 'deep learning', 'tensorflow']",14,65768
data scientist,lead,remote,company_615,Fully Remote,a month ago,"New York, NY, US",Healthcare,Private,180,Private,"€173,536 - €200,936",[],,187236
data scientist,Not Specified,on-site,company_383,"Barcelona, Spain . On-site",a month ago,"Milano, IT",Technology,Private,"3,780",Private,"€46,527 - €76,221",[],,61374
data scientist,Not Specified,hybrid,company_624,Hybrid,a month ago,"Paris, IDF, FR",Technology,Private,180,Private,"€39,254 - €58,876",[],,49065
data scientist,senior,remote,company_625,Fully Remote,6 months ago,"San Francisco, CA, US",Energy,Private,90,Private,"€141,572 - €168,972",[],6,155272
data scientist,midlevel,on-site,company_631,"San Francisco, CA",21 days ago,"Santa Monica, CA, US",Technology,Public,"9,300",Public,"€130,666 - €241,896","['spark', 'aws', 'python', 'airflow', 'sql', 'gcp', 'machine learning']",21,186281
data scientist,midlevel,on-site,company_634,"Rockville, MD",a month ago,"Brentford, GB",Healthcare,Public,"106,370",Public,"€124,333 - €207,218","['machine learning', 'r', 'python']",,165775.5
data scientist,senior,hybrid,company_423,"New York, NY . Hybrid",2 months ago,"New York, NY, US",Technology,Private,500,Private,"€109,603 - €118,736",[],2,114169.5
data scientist,lead,on-site,company_057,"Seattle, WA",7 days ago,"Seattle, WA, US",Retail,Public,"157,150",Public,"€120,567","['python', 'sql', 'machine learning', 'azure', 'tableau']",7,120567
data scientist,senior,remote,company_638,United States,7 days ago,"Chicago, IL, US",Technology,Private,960,Private,"€109,600 - €118,733","['spark', 'aws', 'git', 'r', 'python', 'powerbi', 'scala', 'java', 'sql', 'machine learning', 'gcp', 'hadoop', 'azure', 'matplotlib', 'tableau']",7,114166.5
data scientist,lead,on-site,company_640,United States,14 days ago,"Coraopolis, PA, US",Retail,Public,"50,040",Public,"€86,958","['pytorch', 'spark', 'python', 'machine learning', 'deep learning', 'azure', 'tensorflow']",14,86958
data scientist,senior,remote,company_642,Fully Remote,2 days ago,"Boston, MA, US",Healthcare,Private,360,Private,"€109,606 - €146,139",[],2,127872.5
data scientist,senior,hybrid,company_643,"Minneapolis, MN . Hybrid",7 days ago,"Sugar Land, TX, US",Healthcare,Private,751,Private,"€103,871","['sql', 'machine learning', 'r', 'python']",7,103871
data scientist,Not Specified,hybrid,company_645,Hybrid,a year ago,"Berkeley, CA, US",Technology,Private,180,Private,"€137,003 - €173,536",[],,155269.5
data scientist,senior,remote,company_647,"India, Bengaluru . Fully Remote",5 days ago,"London, GB",Technology,Private,900,Private,"€39,026",[],5,39026
machine learning engineer,senior,on-site,company_653,"Colorado Springs, CO",14 days ago,"Huntsville, AL, US",Technology,Private,"1,040",Private,"€109,608 - €127,875","['pytorch', 'scikit-learn', 'machine learning', 'tensorflow']",14,118741.5
data scientist,senior,hybrid,company_654,"San Francisco, CA . Hybrid",21 days ago,"San Francisco, CA, US",Technology,Private,780,Private,"€146,135 - €196,368",[],21,171251.5
data scientist,senior,Unknown,company_254,"Chicago, IL",7 days ago,"South Bend, IN, US",Healthcare,Public,"2,540",Public,"€63,942 - €86,775","['powerbi', 'r', 'python', 'sql', 'database', 'hadoop', 'tableau']",7,75358.5
data scientist,senior,on-site,company_662,On-site,13 days ago,"Redwood City, CA, US",Technology,Private,600,Private,"€147,968",[],13,147968
data scientist,Not Specified,hybrid,company_645,Hybrid,3 years ago,"Berkeley, CA, US",Technology,Private,180,Private,"€137,005 - €173,538",[],3,155271.5
data scientist,Not Specified,on-site,company_665,"South San Francisco, California, United States . On-site",2 months ago,"San Francisco, CA, US",Technology,Private,45,Private,"€159,835 - €182,668",[],2,171251.5
data scientist,senior,Unknown,company_666,"Singapore, Singapore",a month ago,SG,Technology,Unknown,"6,040",Education,"€80,624",['database'],,80624
data scientist,lead,on-site,company_668,"Sacramento, California, United States . Jacksonville, Florida, United States . Austin, Texas, United States . Mexico City, Mexico . Ottawa, Ontario, Canada + 17 More . On-site",2 months ago,"San Francisco, CA, US",Technology,Private,420,Private,"€218,288",[],2,218288
data scientist,Not Specified,on-site,company_670,"Annapolis Junction, Maryland, United States . On-site",7 days ago,"Herndon, VA, US",Technology,Private,57,Private,"€45,667 - €264,871",[],7,155269
data scientist,senior,remote,company_675,Fully Remote,2 months ago,"El Segundo, CA, US",Technology,Private,45,Private,"€141,574 - €182,674",[],2,162124
data scientist,senior,hybrid,company_216,United States . Hybrid,4 days ago,"Boston, MA, US",Technology,Public,"3,050",Public,"€130,609 - €209,155","['pytorch', 'aws', 'scikit-learn', 'python', 'sql', 'machine learning', 'deep learning', 'tensorflow']",4,169882
data scientist,senior,Unknown,company_678,"Fort Huachuca, AZ . Fort Huachuca, Arizona, United States",22 days ago,"Herndon, VA, US",Technology,Private,"5,060",Private,"€60,287 - €96,820",[],22,78553.5
data scientist,senior,on-site,company_680,"Richmond, VA",8 days ago,"Plano, TX, US",Technology,Private,"2,300",Private,"€91,334 - €109,600","['git', 'r', 'python', 'sql', 'machine learning']",8,100467
data scientist,senior,Unknown,company_678,"Ashburn, VA",21 days ago,"Herndon, VA, US",Technology,Private,"5,030",Private,"€160,753 - €257,566","['spark', 'aws', 'r', 'python', 'scala', 'java', 'sql', 'machine learning', 'hadoop', 'azure', 'tableau']",21,209159.5
data scientist,lead,Unknown,company_685,"New York, NY",6 months ago,"New York, NY, US",Technology,Private,"2,060",Private,"€79,654 - €125,307","['spark', 'aws', 'python', 'sql', 'machine learning']",6,102480.5
data scientist,senior,on-site,company_689,Greater Milwaukee,8 days ago,"Green Bay, WI, US",Retail,Public,"4,760",Public,"€94,111 - €161,332","['spark', 'aws', 'r', 'python', 'scala', 'sql', 'machine learning', 'gcp', 'deep learning', 'hadoop', 'azure', 'tableau']",8,127721.5
data scientist,lead,Unknown,company_488,"Boston, MA",23 days ago,"Boston, MA, US",Healthcare,Unknown,"4,270",Nonprofit,"€149,604 - €182,849","['r', 'python', 'sql', 'machine learning', 'tableau']",23,166226.5
data scientist,senior,hybrid,company_690,"Maplewood, MN . Hybrid",7 days ago,"Maplewood, MN, US",Healthcare,Public,"22,030",Public,"€146,393 - €178,925","['machine learning', 'r', 'python']",7,162659
data scientist,senior,Unknown,company_694,"San Francisco, CA",2 days ago,"San Francisco, CA, US",Finance,Private,90,Private,"€200,936 - €264,868","['amazon', 'machine learning']",2,232902
data scientist,senior,hybrid,company_697,"Austin, TX . Hybrid",14 days ago,"Austin, TX, US",Technology,Private,330,Private,"€109,606 - €146,139","['pandas', 'numpy', 'aws', 'r', 'python', 'scikit-learn', 'airflow', 'sql', 'machine learning', 'gcp', 'azure', 'matplotlib', 'tableau']",14,127872.5
data scientist,senior,hybrid,company_521,"San Francisco, CA . Hybrid",4 days ago,"San Francisco, CA, US",Technology,Private,524,Private,"€164,408 - €182,674","['sql', 'machine learning', 'python']",4,173541
data scientist,junior,remote,company_702,"Dallas, TX",14 days ago,"Dallas, TX, US",Healthcare,Unknown,"2,840",Nonprofit,"€43,700","['machine learning', 'r', 'python']",14,43700
data scientist,lead,Unknown,company_704,"Elsbethen, Salzburg, Austria",7 days ago,"Fuschl am See, AT",Energy,Private,"13,070",Private,"€29,498","['sql', 'git', 'r', 'python']",7,29498
data scientist,Not Specified,on-site,company_705,"San Francisco, CA . On-site",13 days ago,"San Francisco, CA, US",Technology,Private,90,Private,"€131,528 - €175,367",[],13,153447.5
data scientist,lead,hybrid,company_706,"Los Angeles, CA . Hybrid",a month ago,"Los Angeles, CA, US",Technology,Private,150,Private,"€104,128 - €192,721",[],,148424.5
data scientist,Not Specified,hybrid,company_708,Hybrid,5 months ago,"San Francisco, CA, US",Technology,Private,45,Private,"€118,739 - €155,272",[],5,137005.5
data scientist,senior,hybrid,company_709,"Chicago, Illinois, United States . Hybrid",7 days ago,"Buffalo Grove, IL, US",Manufacturing,Private,420,Private,"€156,187",[],7,156187
data scientist,senior,remote,company_714,Fully Remote,20 days ago,"Ann Arbor, MI, US",Technology,Private,210,Private,"€200,936",[],20,200936
data scientist,lead,remote,company_718,"Detroit, MI",a day ago,"Columbus, OH, US",Finance,Public,"26,010",Public,"€90,424","['aws', 'r', 'python', 'scikit-learn', 'sql', 'machine learning', 'database', 'deep learning', 'tensorflow']",,90424
data scientist,junior,on-site,company_723,"Miami, FL",14 days ago,"Chicago, IL, US",Finance,Private,"3,790",Private,"€182,667","['pandas', 'spark', 'r', 'python', 'scikit-learn', 'sql', 'gcp', 'machine learning', 'tensorflow', 'tableau']",14,182667
data scientist,lead,Unknown,company_727,"New York County, NY",14 days ago,"Chicago, IL, US",Retail,Private,"14,460",Private,"€100,473",[],14,100473
data scientist,lead,hybrid,company_728,"Los Angeles, CA . Hybrid",a month ago,"Los Angeles, CA, US",Technology,Private,150,Private,"€237,468",[],,237468
data scientist,senior,on-site,company_737,United States,a month ago,"San Francisco, CA, US",Technology,Public,"1,780",Public,"€114,170","['pytorch', 'aws', 'r', 'python', 'sql', 'machine learning', 'database', 'deep learning', 'tensorflow']",,114170
data scientist,senior,Unknown,company_738,"Boston, MA",14 days ago,"San Francisco, CA, US",Finance,Private,700,Private,"€189,518 - €205,501","['amazon', 'spark', 'git', 'r', 'python', 'linux', 'java', 'sql', 'machine learning', 'database', 'azure']",14,197509.5
data scientist,senior,hybrid,company_742,"New York, NY . Hybrid",15 days ago,"New York, NY, US",Retail,Public,"1,800",Public,"€68,501 - €73,068","['amazon', 'r', 'python', 'sql', 'machine learning']",15,70784.5
data scientist,senior,on-site,company_744,"Lake Oswego, OR . Portland, OR . Hillsboro, OR",2 months ago,"Roseburg, OR, US",Finance,Public,"3,780",Public,"€81,237 - €150,867","['aws', 'r', 'python', 'sql', 'machine learning', 'azure']",2,116052
data scientist,midlevel,on-site,company_745,San Francisco Bay Area . On-site,5 days ago,"San Francisco, CA, US",Technology,Private,300,Private,"€78,551 - €139,744","['pandas', 'numpy', 'pytorch', 'aws', 'scikit-learn', 'python', 'tensorflow']",5,109147.5
data scientist,senior,on-site,company_746,United States,25 days ago,"Omaha, NE, US",Technology,Private,90,Private,"€95,906 - €114,173","['sql', 'machine learning', 'r', 'python']",25,105039.5
data scientist,Not Specified,Unknown,company_754,"Alameda, CA",2 months ago,"Alameda, CA, US",Healthcare,Public,"2,320",Public,"€38,730 - €61,967",[],2,50348.5
data scientist,senior,remote,company_757,United States . Fully Remote,14 days ago,"Miami, FL, US",Finance,Private,226,Private,"€150,707 - €200,940","['sql', 'python']",14,175823.5
data scientist,senior,on-site,company_759,United States,a month ago,"Reston, VA, US",Technology,Public,"34,020",Public,"€164,406","['pandas', 'pytorch', 'aws', 'r', 'python', 'linux', 'java', 'machine learning', 'gcp', 'deep learning', 'azure', 'tensorflow']",,164406
data scientist,senior,Unknown,company_762,"Grand Rapids, MI",a month ago,"Grand Rapids, MI, US",Retail,Private,"70,060",Private,"€115,541","['pandas', 'numpy', 'pytorch', 'r', 'python', 'sql', 'machine learning', 'azure', 'tensorflow']",,115541
data scientist,senior,Unknown,company_763,"Ahmedabad, Gujarat, India . Bengaluru, Karnataka, India",7 days ago,"New York, NY, US",Technology,Public,"26,670",Public,"€18,675","['pytorch', 'deep learning', 'machine learning', 'python']",7,18675
data scientist,senior,on-site,company_555,"New York, NY",10 days ago,"Boston, MA, US",Finance,Public,"3,060",Public,"€141,570","['kubernetes', 'machine learning', 'python']",10,141570
machine learning engineer,Not Specified,hybrid,company_770,Hybrid,12 days ago,"San Francisco, CA, US",Energy,Private,"1,910",Private,"€109,607 - €137,007",[],12,123307
data scientist,senior,hybrid,company_145,"New York, New York . Hybrid",a day ago,"San Jose, CA, US",Technology,Public,"2,760",Public,"€120,566 - €231,992",[],,176279
data scientist,senior,on-site,company_774,"Fredericksburg, VA . Richmond, VA . San Francisco, CA . Seattle, WA",4 days ago,"Chevy Chase, MD, US",Technology,Private,"25,090",Private,"€100,469 - €210,068","['powerbi', 'r', 'python', 'java', 'sql', 'machine learning', 'tableau']",4,155268.5
data scientist,senior,Unknown,company_780,"Los Angeles, CA",5 days ago,"Los Angeles, CA, US",Healthcare,Private,"5,674",Private,"€95,356 - €163,460","['pandas', 'git', 'r', 'python', 'keras', 'machine learning']",5,129408
data scientist,senior,Unknown,company_781,"Charlotte, NC . Charlotte, North Carolina, United States",a month ago,"Stamford, CT, US",Technology,Public,"96,050",Public,"€95,902","['machine learning', 'r', 'python']",,95902
data scientist,senior,hybrid,company_782,"Munich, Germany . Hybrid",7 months ago,"OH, US",Manufacturing,Private,300,Private,"€62,797 - €72,216",[],7,67506.5
data scientist,senior,hybrid,company_785,United States . Hybrid,14 days ago,"Birmingham, AL, US",Technology,Private,"5,780",Private,"€112,343 - €225,595","['pytorch', 'spark', 'scikit-learn', 'python', 'sql', 'machine learning', 'tensorflow']",14,168969
data scientist,senior,hybrid,company_786,"Seattle, WA . Hybrid",18 days ago,"Seattle, WA, US",Retail,Public,"74,020",Public,"€147,962 - €271,261","['aws', 'python', 'scala', 'java', 'gcp', 'machine learning']",18,209611.5
data scientist,senior,on-site,company_793,"Pittsburgh, PA",2 months ago,"Pittsburgh, PA, US",Education,Unknown,"12,609",Education,"€74,793",['machine learning'],2,74793
data scientist,senior,on-site,company_795,"Calgary, Alberta, Canada . Canada, Moyen-Chari, Chad . Greater Calgary Metropolitan Area",2 months ago,"Herndon, VA, US",Technology,Private,"3,550",Private,"€52,067","['scikit-learn', 'python']",2,52067
data scientist,senior,on-site,company_796,"Augusta, GA",a month ago,"Columbia, MD, US",Technology,Private,150,Private,"€39,797 - €87,544","['machine learning', 'python']",,63670.5
data scientist,senior,on-site,company_797,"Toronto, Ontario, Canada",a month ago,"Toronto, ON, CA",Retail,Public,"20,600",Public,"€59,210","['git', 'python', 'airflow', 'sql', 'machine learning', 'hadoop', 'azure']",,59210
data scientist,senior,Unknown,company_800,"New York, United States",7 days ago,"New York, NY, US",Technology,Public,"10,040",Public,"€77,313 - €96,639","['spark', 'aws', 'git', 'python', 'docker', 'airflow', 'sql', 'machine learning', 'tableau']",7,86976
data scientist,senior,Unknown,company_804,"Houston, TX . Houston, Texas, Statele Unite Ale Americii . Houston, Texas, USA",a month ago,"Bedford, MA, US",Technology,Public,"2,550",Public,"€118,733","['deep learning', 'machine learning', 'python']",,118733
data scientist,senior,hybrid,company_807,"Chicago, IL . Hybrid",7 days ago,"Chicago, IL, US",Healthcare,Unknown,"1,570",Nonprofit,"€76,471 - €101,121","['r', 'python', 'java', 'sql', 'machine learning', 'database', 'deep learning', 'tableau']",7,88796
data scientist,senior,on-site,company_226,"Henrietta, NY",3 months ago,"Rochester, NY, US",Education,Unknown,"9,260",Education,"€64,121 - €96,177",['machine learning'],3,80149
data scientist,midlevel,on-site,company_796,"Denver, CO",a month ago,"Columbia, MD, US",Technology,Private,150,Private,"€55,940 - €123,063","['machine learning', 'python']",,89501.5
data scientist,senior,hybrid,company_662,Hybrid,13 days ago,"Redwood City, CA, US",Technology,Private,600,Private,"€195,456",[],13,195456
data scientist,Not Specified,on-site,company_445,On-site,14 days ago,"Ventura, CA, US",Technology,Public,"2,270",Public,"€94,264 - €172,810",[],14,133537
data scientist,lead,hybrid,company_814,"Chicago, IL . Hybrid",9 days ago,"Austin, TX, US",Logistics,Private,"1,260",Private,"€182,673 - €274,006",[],9,228339.5
data scientist,senior,on-site,company_816,"San Francisco, CA",4 days ago,"San Francisco, CA, US",Retail,Public,"117,030",Public,"€144,893 - €161,660","['aws', 'python', 'machine learning', 'azure', 'deep learning', 'tableau']",4,153276.5
data scientist,senior,hybrid,company_817,United States . Hybrid,7 days ago,"New York, NY, US",Education,Unknown,"3,510",Education,"€137,003 - €148,876","['pandas', 'aws', 'r', 'python', 'scikit-learn', 'sql', 'machine learning', 'gcp', 'azure']",7,142939.5
data scientist,junior,Unknown,company_819,"San Diego, CA",6 days ago,"San Diego, CA, US",Finance,Unknown,600,Nonprofit,"€86,771 - €114,171","['pandas', 'numpy', 'pytorch', 'aws', 'r', 'python', 'scikit-learn', 'sql', 'machine learning', 'gcp', 'deep learning', 'azure', 'tensorflow', 'tableau']",6,100471
data scientist,senior,hybrid,company_706,"Los Angeles, CA . Hybrid",a month ago,"Los Angeles, CA, US",Technology,Private,150,Private,"€121,476 - €225,595",[],,173535.5
data scientist,senior,Unknown,company_738,"Chicago, IL",14 days ago,"San Francisco, CA, US",Finance,Private,700,Private,"€189,520 - €205,503","['amazon', 'spark', 'git', 'r', 'python', 'linux', 'java', 'sql', 'machine learning', 'database', 'azure']",14,197511.5
data scientist,senior,remote,company_825,"Remote - US . San Diego, California, United States . Fully Remote",14 days ago,"San Diego, CA, US",Technology,Private,210,Private,"€144,750 - €229,724",[],14,187237
data scientist,senior,remote,company_832,"Torrance, CA",7 days ago,"Renton, WA, US",Healthcare,Unknown,"120,010",Nonprofit,"€159,835","['r', 'python', 'scala', 'sql', 'machine learning', 'database', 'azure', 'tableau']",7,159835
data scientist,lead,Unknown,company_047,"Visakhapatnam Rural mandal, India",7 days ago,"Bengaluru, KA, IN",Technology,Public,"222,040",€24.46B,"€10,053","['deep learning', 'machine learning']",7,10053
data scientist,senior,hybrid,company_833,"Canada . Vancouver, BC, Canada . Hybrid",a month ago,"Vancouver, BC, CA",Technology,Private,98,Private,"€118,741 - €155,273",[],,137007
machine learning engineer,senior,on-site,company_065,"Toronto, Ontario, Canada",a month ago,"Cherry Hill, NJ, US",Technology,Private,"26,030",Private,"€137,008 - €173,541","['pytorch', 'spark', 'aws', 'database', 'sql', 'machine learning', 'deep learning', 'azure', 'tensorflow']",,155274.5
machine learning engineer,senior,hybrid,company_836,"Dublin, Ireland . Hybrid",6 days ago,"San Francisco, CA, US",Technology,Private,630,€1.27B,"€98,012",[],6,98012
data scientist,senior,on-site,company_316,"Bengaluru, Karnataka, India",14 days ago,"Eden Prairie, MN, US",Healthcare,Public,"37,960",Public,"€29,797 - €32,901","['spark', 'aws', 'python', 'sql', 'machine learning', 'deep learning', 'azure']",14,31349
data scientist,senior,hybrid,company_662,"Redwood City, CA (Hybrid) . Hybrid",6 days ago,"Redwood City, CA, US",Technology,Private,600,Private,"€220,119",[],6,220119
data scientist,senior,Unknown,company_837,"Waltham, MA",7 days ago,"London, GB",Energy,Public,"12,270",€36.93B,"€126,957 - €149,790","['git', 'r', 'python', 'sql', 'azure']",7,138373.5
machine learning engineer,senior,hybrid,company_690,"Pittsburgh, PA . Hybrid",7 days ago,"Maplewood, MN, US",Healthcare,Public,"22,060",Public,"€108,761 - €132,929","['pytorch', 'aws', 'python', 'machine learning', 'deep learning']",7,120845
data scientist,lead,on-site,company_184,"New York, NY",5 days ago,"New York, NY, US",Retail,Public,"130,040",€5.23B,"€137,000","['sql', 'machine learning', 'r', 'python']",5,137000
data scientist,senior,on-site,company_015,"Los Angeles County, CA",7 days ago,"Menlo Park, CA, US",Technology,Public,900,Public,"€121,475 - €132,435","['pandas', 'numpy', 'pytorch', 'aws', 'scikit-learn', 'python', 'scipy', 'sql', 'machine learning', 'gcp', 'azure', 'tensorflow']",7,126955
data scientist,senior,on-site,company_134,"Arlington, VA . Bellevue, WA",a day ago,"Seattle, WA, US",Retail,Public,"865,436",€832.81B,"€155,268 - €177,188","['amazon', 'aws', 'r', 'python', 'sql', 'machine learning', 'tableau']",,166228
data scientist,senior,on-site,company_763,"Princeton, NJ . New York, NY",19 days ago,"New York, NY, US",Technology,Public,"26,630",Public,"€118,737 - €168,970","['pytorch', 'python', 'machine learning', 'keras', 'deep learning', 'tensorflow']",19,143853.5
data scientist,midlevel,on-site,company_269,"Chennai, Tamil Nadu, India . Hyderabad, Telangana, India",a month ago,"Charlotte, NC, US",Finance,Public,"274,280",€276.82B,"€20,926","['hadoop', 'git', 'gcp', 'python']",,20926
data scientist,senior,remote,company_832,"Washington, United States",7 days ago,"Renton, WA, US",Healthcare,Unknown,"120,040",Nonprofit,"€159,834","['r', 'python', 'scala', 'sql', 'machine learning', 'database', 'azure', 'tableau']",7,159834
data scientist,senior,remote,company_141,"Fort Worth, TX",14 days ago,"Bethesda, MD, US",Technology,Public,"108,650",€117.13B,"€100,474 - €132,440",['machine learning'],14,116457
data scientist,senior,Unknown,company_250,"New York, NY . Chicago, IL",4 days ago,"Paris, FR",Healthcare,Private,"76,010",Private,"€66,119 - €99,994","['amazon', 'aws']",4,83056.5
data scientist,senior,hybrid,company_840,"East Coast, United States . New York, United States . Hybrid",a month ago,"Altrincham, GB",Healthcare,Private,240,Private,"€124,220 - €168,060",[],,146140
data scientist,senior,Unknown,company_844,"Mountain View, CA",21 days ago,"Mountain View, CA, US",Technology,Public,"17,040",€94.59B,"€168,973","['r', 'python', 'sql', 'machine learning', 'tableau']",21,168973
data scientist,Not Specified,remote,company_845,Fully Remote,5 days ago,"San Francisco, CA, US",Finance,Private,457,Private,"€115,085 - €152,531",[],5,133808
data scientist,lead,hybrid,company_846,"Greater Birmingham, Alabama Area . Hybrid",14 days ago,"Boulder, CO, US",Energy,Private,240,Private,"€118,740 - €155,273",[],14,137006.5
data scientist,senior,hybrid,company_313,"Markham, Ontario, Canada . Toronto, Ontario, Canada . Hybrid",a month ago,"London, GB",Finance,Public,"29,490",Public,"€73,454","['machine learning', 'python']",,73454
data scientist,midlevel,Unknown,company_233,"Springfield, VA",a month ago,"Reston, VA, US",Technology,Public,"27,420",Public,"€81,926 - €148,097","['git', 'r', 'python', 'docker', 'linux', 'java', 'sql', 'database', 'deep learning']",,115011.5
data scientist,senior,remote,company_572,Fully Remote,19 days ago,"San Francisco, CA, US",Technology,Private,45,Private,"€155,266 - €178,099",[],19,166682.5
data scientist,senior,on-site,company_355,"Bellevue, WA . San Francisco, CA . Seattle, WA . Palo Alto, CA",14 days ago,"San Francisco, CA, US",Technology,Public,"65,810",€130.59B,"€125,226 - €216,010","['sql', 'r', 'python']",14,170618
data scientist,senior,hybrid,company_848,"Cambridge, MA . Hybrid",16 days ago,"Basel, BS, CH",Healthcare,Public,"107,710",€161.05B,"€79,461",['python'],16,79461
data scientist,midlevel,on-site,company_231,"South San Francisco, CA . On-site",25 days ago,"Kenilworth, NJ, US",Healthcare,Public,"78,700",€231.13B,"€157,737 - €248,339","['machine learning', 'r', 'python']",25,203038
data scientist,senior,hybrid,company_182,"Navi Mumbai, Maharashtra, India . Hybrid",7 days ago,"Chicago, IL, US",Finance,Public,"9,900",Public,"€15,539","['python', 'neural network', 'sql', 'machine learning', 'deep learning']",7,15539
data scientist,midlevel,on-site,company_288,"Washington, DC . On-site",5 days ago,"Reston, VA, US",Technology,Public,"26,060",€62.89B,"€146,141 - €182,673",['python'],5,164407
data scientist,midlevel,hybrid,company_793,"Pittsburgh, PA . Hybrid",a month ago,"Pittsburgh, PA, US",Education,Unknown,"12,659",Education,"€44,521 - €59,359","['database', 'sql', 'r', 'python']",,51940
data scientist,senior,on-site,company_445,On-site,2 days ago,"Ventura, CA, US",Technology,Public,"2,300",Public,"€151,799 - €278,294",[],2,215046.5
data scientist,Not Specified,hybrid,company_851,"Bangalore, Karnataka, India . Hybrid",10 months ago,"Edison, NJ, US",Technology,Private,"3,570",Private,"€34,569",[],10,34569
data scientist,senior,Unknown,company_166,"Veldhoven, North Brabant, Netherlands",14 days ago,"Veldhoven, NB, NL",Technology,Public,"24,800",€173.51B,"€82,367",[],14,82367
data scientist,senior,Unknown,company_852,"San Antonio, TX",14 days ago,"San Antonio, TX, US",Retail,Private,"23,910",Private,"€130,610","['spark', 'r', 'python', 'docker', 'scala', 'java', 'sql', 'machine learning', 'kubernetes', 'deep learning', 'tensorflow']",14,130610
data scientist,lead,on-site,company_420,"Bangkok, Bangkok, Thailand . On-site",a month ago,"Singapore, SG",Technology,Private,"4,570",Private,"€54,267",[],,54267
data scientist,senior,Unknown,company_308,"Hyderabad, Telangana, India",4 days ago,"Redmond, WA, US",Technology,Public,"182,288",€1.68T,"€48,604","['pytorch', 'spark', 'r', 'python', 'scikit-learn', 'scala', 'machine learning', 'deep learning', 'hadoop', 'azure', 'tensorflow']",4,48604
data scientist,senior,remote,company_037,"Remote, United States . Fully Remote",14 days ago,"San Francisco, CA, US",Finance,Private,300,Private,"€167,139",[],14,167139
data scientist,lead,hybrid,company_851,"Bangalore, Karnataka, India . Hybrid",a month ago,"Edison, NJ, US",Technology,Private,"3,560",Private,"€34,568",[],,34568
data scientist,senior,Unknown,company_694,"San Francisco, CA",2 months ago,"San Francisco, CA, US",Finance,Private,90,Private,"€200,936 - €264,868","['amazon', 'machine learning']",2,232902
data scientist,lead,remote,company_859,"Cardiff, London or Remote (UK) . Fully Remote",3 months ago,"London, GB",Technology,Private,"1,530",€4.36B,"€86,767 - €105,033",[],3,95900
data scientist,senior,Unknown,company_116,"Louisville, KY",14 days ago,"Dearborn, MI, US",Technology,Public,"187,570",€51.83B,"€107,773","['pandas', 'numpy', 'pytorch', 'git', 'r', 'python', 'scikit-learn', 'sql', 'gcp', 'machine learning', 'tensorflow', 'tableau']",14,107773
data scientist,senior,Unknown,company_861,"Oklahoma City, OK",7 days ago,"Oklahoma City, OK, US",Technology,Public,"4,780",Public,"€114,172",['machine learning'],7,114172
data scientist,senior,on-site,company_864,"St Louis, MO",a month ago,"Brentwood, MO, US",Retail,Public,"11,020",Public,"€101,079 - €157,680","['pandas', 'amazon', 'powerbi', 'git', 'r', 'python', 'scipy', 'sql', 'machine learning', 'database', 'azure', 'matplotlib', 'tableau']",,129379.5
data scientist,senior,on-site,company_705,"San Francisco, CA . On-site",4 months ago,"San Francisco, CA, US",Technology,Private,90,Private,"€155,269 - €189,976",[],4,172622.5
data scientist,senior,hybrid,company_667,"Mountain View, CA, US . San Francisco, CA, US . Hybrid",9 days ago,"Mountain View, CA, US",Technology,Private,"2,810",Private,"€226,506",[],9,226506
data scientist,senior,hybrid,company_083,"Madrid, Community of Madrid, Spain . Hybrid",21 days ago,"Paris, IDF, FR",Technology,Private,"263,610",€25.51B,"€32,158","['pandas', 'numpy', 'aws', 'r', 'python', 'scikit-learn', 'machine learning', 'gcp', 'deep learning', 'azure', 'matplotlib']",21,32158
data scientist,senior,hybrid,company_870,"Chicago, Illinois, United States . New York, New York, United States . Hybrid",13 days ago,"Chicago, IL, US",Technology,Private,420,Private,"€159,841 - €205,507",[],13,182674
data scientist,lead,on-site,company_235,"San Antonio, TX",7 days ago,"San Antonio, TX, US",Finance,Private,"33,010",Private,"€150,499 - €287,662","['r', 'python', 'sql', 'database', 'machine learning']",7,219080.5
data scientist,lead,on-site,company_871,"San Francisco, CA",7 days ago,"San Francisco, CA, US",Technology,Private,45,Private,"€164,407 - €191,806","['pytorch', 'aws', 'machine learning', 'azure', 'deep learning', 'tensorflow']",7,178106.5
data scientist,senior,on-site,company_185,"Linthicum Heights, MD . On-site",7 days ago,"Falls Church, VA, US",Technology,Public,"97,070",€75.05B,"€158,745 - €197,653","['pandas', 'numpy', 'python', 'sql', 'database', 'matplotlib', 'tableau']",7,178199
data scientist,junior,Unknown,company_152,"Atlanta, GA",11 days ago,"Atlanta, GA, US",Finance,Public,"53,700",€19.70B,"€125,135","['sql', 'machine learning', 'r', 'python']",11,125135
data scientist,senior,on-site,company_873,"Santa Clara, CA . On-site",15 days ago,"Santa Clara, CA, US",Technology,Private,75,Private,"€146,140 - €219,206",[],15,182673
data scientist,midlevel,Unknown,company_781,"Stamford, CT",21 days ago,"Stamford, CT, US",Technology,Public,"96,040",Public,"€95,906","['spark', 'r', 'python', 'sql', 'machine learning']",21,95906
data scientist,senior,on-site,company_422,"Englewood, CO . On-site",14 days ago,"Englewood, CO, US",Technology,Public,"2,520",Public,"€75,957 - €108,508","['amazon', 'r', 'python', 'sql', 'database', 'machine learning', 'tableau']",14,92232.5
data scientist,midlevel,Unknown,company_875,"Princeton, NJ",15 days ago,"Princeton, NJ, US",Healthcare,Public,"3,570",Public,"€150,270 - €224,665","['sql', 'r', 'python']",15,187467.5
data scientist,midlevel,on-site,company_878,"San Francisco, CA . San Jose, CA . Seattle, WA",2 days ago,"San Jose, CA, US",Technology,Public,"21,310",€144.62B,"€99,560 - €175,732","['spark', 'python', 'sql', 'hadoop', 'machine learning']",2,137646
data scientist,senior,Unknown,company_879,"Madrid, Community of Madrid, Spain",23 days ago,"Birmingham, AL, US",Finance,Public,"123,020",Public,"€41,559","['pandas', 'numpy', 'pytorch', 'aws', 'scikit-learn', 'python', 'docker', 'sql', 'machine learning', 'kubernetes', 'azure', 'tensorflow']",23,41559
data scientist,senior,on-site,company_880,United States,a month ago,"San Diego, CA, US",Retail,Public,"27,030",Public,"€94,812 - €142,214","['aws', 'scikit-learn', 'python', 'sql', 'machine learning', 'gcp', 'azure']",,118513
data scientist,Not Specified,hybrid,company_403,"Boston, MA . Hybrid",8 days ago,"Boston, MA, US",Retail,Public,"17,040",Public,"€110,516 - €120,563",[],8,115539.5
data scientist,senior,Unknown,company_603,"Queenstown, Central Singapore Community Development Council, Singapore",a month ago,"Singapore, SG",Education,Unknown,210,Education,"€54,804","['neural network', 'machine learning', 'r', 'python']",,54804
machine learning engineer,senior,on-site,company_883,"Newport Beach, CA . Ньюпорт-Бич, Калифорния, Соединенные Штаты Америки",18 days ago,"Walldorf, BW, DE",Technology,Public,"117,800",€104.16B,"€114,167 - €127,867","['pytorch', 'machine learning', 'database', 'deep learning', 'tensorflow']",18,121017
data scientist,lead,remote,company_236,Canada . Fully Remote,2 days ago,"Miami, FL, US",Technology,Private,30,Private,"€200,938 - €246,604","['sql', 'machine learning']",2,223771
data scientist,senior,hybrid,company_032,"San Diego, CA . Hybrid",3 months ago,"Minato City, JP",Technology,Public,"110,020",€84.89B,"€149,700 - €224,593","['pandas', 'numpy', 'scikit-learn', 'python', 'sql', 'machine learning', 'deep learning']",3,187146.5
data scientist,midlevel,hybrid,company_061,"Manchester, England, United Kingdom . Hybrid",7 days ago,"Manchester, GB",Technology,Public,"1,310",Public,"€36,538 - €54,805","['airflow', 'spark', 'machine learning', 'python']",7,45671.5
data scientist,senior,Unknown,company_366,"Columbia, MD",4 days ago,"Columbia, MD, US",Technology,Private,180,Private,"€73,072","['spark', 'aws', 'python', 'sql', 'machine learning', 'gcp', 'azure']",4,73072
data scientist,senior,Unknown,company_291,"Bengaluru East, Karnataka, India",4 days ago,"Bengaluru, KA, IN",Technology,Public,"261,040",€71.08B,"€9,585","['aws', 'r', 'python', 'sql', 'neural network', 'gcp', 'azure']",4,9585
data scientist,senior,hybrid,company_309,"New York, United States . Hybrid",5 days ago,"New York, NY, US",Technology,Private,"3,510",Private,"€137,008 - €150,708","['pandas', 'pytorch', 'aws', 'r', 'python', 'sql', 'machine learning', 'deep learning']",5,143858
data scientist,senior,hybrid,company_885,"Bethesda, MD . Hybrid",14 days ago,"Reston, VA, US",Technology,Unknown,"1,060",Nonprofit,"€130,245 - €203,539","['sql', 'r', 'python']",14,166892
machine learning engineer,senior,Unknown,company_889,"Brooklyn, NY",3 months ago,"NY, US",Energy,Public,"6,160",Public,"€187,238 - €216,464","['spark', 'python', 'scala', 'java', 'airflow', 'gcp', 'machine learning', 'tensorflow']",3,201851
machine learning engineer,Not Specified,on-site,company_312,"San Francisco, CA . Seattle, WA . New York, NY . On-site",6 days ago,"Montreal, QC, CA",Technology,Private,31,Private,"€200,936 - €296,835",[],6,248885.5
data scientist,senior,on-site,company_744,"Hillsboro, OR . Portland, OR . Lake Oswego, OR",14 days ago,"Roseburg, OR, US",Finance,Public,"3,790",Public,"€81,245 - €150,875","['aws', 'r', 'python', 'sql', 'machine learning', 'azure']",14,116060
data scientist,senior,Unknown,company_894,"Fort Worth, TX",7 days ago,"Benbrook, TX, US",Technology,Private,510,Private,"€100,473",['machine learning'],7,100473
data scientist,senior,Unknown,company_895,"Annapolis Junction, MD",3 months ago,"Centreville, VA, US",Technology,Public,"16,070",Public,"€110,337 - €198,564","['sql', 'machine learning', 'r', 'python']",3,154450.5
data scientist,senior,Unknown,company_896,"Dallas, TX",14 days ago,"Dallas, TX, US",Finance,Public,"100,050",Public,"€75,815","['sql', 'machine learning', 'python']",14,75815
machine learning engineer,senior,Unknown,company_371,"South San Francisco, CA",7 days ago,"South San Francisco, CA, US",Healthcare,Private,250,Private,"€155,270 - €212,810","['pytorch', 'deep learning', 'machine learning', 'python']",7,184040
data scientist,senior,hybrid,company_115,"Bengaluru, Karnataka, India . Hybrid",7 days ago,"Frankfurt am Main, HE, DE",Finance,Public,"68,440",Public,"€24,203","['pytorch', 'aws', 'python', 'sql', 'gcp', 'azure', 'tensorflow']",7,24203
data scientist,senior,on-site,company_251,"Alpharetta, GA",14 days ago,"Roseland, NJ, US",Technology,Public,"65,130",Public,"€58,368 - €156,350","['aws', 'powerbi', 'r', 'python', 'sql', 'machine learning', 'tableau']",14,107359
data scientist,Not Specified,on-site,company_096,"New York, New York, United States . On-site",a month ago,"San Francisco, CA, US",Finance,Private,950,€11.38B,"€138,834 - €173,541",[],,156187.5
data scientist,senior,hybrid,company_146,"Toronto, ON . Hybrid",12 days ago,"San Francisco, CA, US",Finance,Private,780,€11.85B,"€179,015 - €246,144",[],12,212579.5
data scientist,Not Specified,hybrid,company_081,"Toronto, Canada . Hybrid",7 days ago,"San Francisco, CA, US",Technology,Public,"5,010",€4.42B,"€98,647",[],7,98647
data scientist,senior,Unknown,company_293,"Bengaluru, Karnataka, India",5 months ago,"Bengaluru, KA, IN",Technology,Private,"15,470",€9.87B,"€36,101","['deep learning', 'machine learning', 'python']",5,36101
data scientist,senior,on-site,company_007,"Vancouver, British Columbia, Canada . Marina del Rey, CA . Los Angeles Metropolitan Area . Kirkland, WA . Redwood City, CA",7 days ago,"Redwood City, CA, US",Technology,Public,"25,920",€33.70B,"€121,844 - €176,460","['git', 'python', 'docker', 'sql', 'machine learning', 'kubernetes', 'deep learning']",7,149152
machine learning engineer,senior,on-site,company_135,"Taipei, Taiwan . On-site",2 months ago,TW,Technology,Private,530,Private,"€36,342",[],2,36342
data scientist,lead,hybrid,company_905,United States . Hybrid,3 months ago,"Buffalo, NY, US",Finance,Public,"16,880",Public,"€105,680 - €176,131","['python', 'neural network', 'sql', 'database', 'machine learning', 'tableau']",3,140905.5
data scientist,senior,on-site,company_392,United States,a month ago,"Jacksonville, FL, US",Finance,Public,"62,070",€35.42B,"€157,013 - €263,790","['spark', 'aws', 'python', 'sql', 'machine learning', 'gcp', 'azure']",,210401.5
data scientist,senior,Unknown,company_047,"Gurugram, Haryana, India",7 days ago,"Bengaluru, KA, IN",Technology,Public,"222,030",€24.16B,"€10,048","['aws', 'machine learning']",7,10048
data scientist,lead,on-site,company_909,"New York, NY",a month ago,"Milwaukee, WI, US",Finance,Private,"32,340",Private,"€129,722 - €230,343","['spark', 'r', 'python', 'java', 'sql', 'machine learning']",,180032.5
data scientist,lead,remote,company_022,"Atlanta, GA",3 days ago,"Charlotte, NC, US",Technology,Public,"103,070",€128.23B,"€96,818","['pytorch', 'spark', 'aws', 'python', 'machine learning', 'gcp', 'deep learning', 'keras', 'azure', 'tensorflow']",3,96818
data scientist,senior,Unknown,company_912,"Bengaluru East, Karnataka, India",7 days ago,"Scottsdale, AZ, US",Technology,Private,"3,980",Private,"€35,019","['pandas', 'numpy', 'pytorch', 'spark', 'git', 'python', 'docker', 'database', 'deep learning', 'sql', 'machine learning', 'gcp', 'kubernetes', 'keras', 'azure', 'matplotlib', 'tensorflow']",7,35019
data scientist,senior,on-site,company_367,On-site,a month ago,"New York, NY, US",Technology,Private,420,Private,"€192,721 - €216,467",[],,204594
data scientist,midlevel,on-site,company_395,"McLean, VA",18 days ago,"McLean, VA, US",Retail,Public,"55,090",€36.38B,"€144,860 - €165,319","['spark', 'aws', 'r', 'python', 'scala', 'sql', 'machine learning', 'database', 'deep learning']",18,155089.5
data scientist,midlevel,on-site,company_914,Los Angeles Metropolitan Area . On-site,14 days ago,"Los Angeles, CA, US",Technology,Public,510,Public,"€100,470 - €114,170","['machine learning', 'python']",14,107320
data scientist,senior,remote,company_695,"Maryland, United States",14 days ago,"London, GB",Technology,Public,"9,200",Public,"€85,856 - €167,004","['pytorch', 'aws', 'r', 'python', 'machine learning', 'gcp', 'azure', 'tensorflow']",14,126430
data scientist,lead,on-site,company_916,United States,a month ago,"Columbus, OH, US",Technology,Public,"1,300",Public,"€138,102 - €172,625","['sql', 'machine learning', 'r', 'python']",,155363.5
data scientist,senior,Unknown,company_917,"Bengaluru, Karnataka, India",10 days ago,"Mountain View, CA, US",Technology,Public,"258,790",€1.34T,"€42,493","['pandas', 'r', 'python', 'sql', 'database']",10,42493
data scientist,senior,Unknown,company_171,"Hyderabad, Telangana, India",15 days ago,"Armonk, NY, US",Technology,Public,"524,608",€119.23B,"€27,276 - €52,697","['database', 'machine learning', 'java']",15,39986.5
data scientist,senior,on-site,company_310,"Doral, FL",3 months ago,"Arlington, VA, US",Technology,Public,"20,050",Public,"€104,676 - €230,258","['r', 'python', 'linux', 'java', 'sql', 'machine learning', 'database', 'deep learning']",3,167467
data scientist,midlevel,hybrid,company_080,"Vancouver, British Columbia, Canada . Hybrid",5 days ago,"Toronto, ON, CA",Finance,Public,"26,050",Public,"€109,786 - €164,585","['pytorch', 'aws', 'scikit-learn', 'python', 'machine learning']",5,137185.5
data scientist,senior,remote,company_746,United States,14 days ago,"Omaha, NE, US",Technology,Private,90,Private,"€114,973 - €141,567","['sql', 'machine learning', 'python']",14,128270
data scientist,senior,hybrid,company_922,"Columbus, OH . Hybrid",10 days ago,"Hartford, CT, US",Finance,Public,"18,200",€21.55B,"€100,036 - €150,050",['machine learning'],10,125043
data scientist,senior,remote,company_416,Washington DC-Baltimore Area . Fully Remote,a month ago,"Mountain View, CA, US",Technology,Private,360,€1.80B,"€164,407 - €182,673","['aws', 'python', 'machine learning', 'gcp', 'kubernetes', 'azure']",,173540
data scientist,senior,on-site,company_415,"United States, Denver . On-site",22 days ago,"New York, NY, US",Technology,Private,900,€4.50B,"€172,624",[],22,172624
data scientist,senior,on-site,company_893,"Lexington, MA",8 days ago,"Heerlen, LI, NL",Technology,Unknown,Private,Not Mentioned,"€117,553 - €159,840","['aws', 'git', 'r', 'python', 'docker']",8,138696.5
data scientist,Not Specified,on-site,company_096,"New York, New York, United States . On-site",a month ago,"San Francisco, CA, US",Finance,Private,950,€11.33B,"€138,826 - €173,533",[],,156179.5
data scientist,midlevel,remote,company_421,"Charlotte, AR . Fully Remote",14 days ago,"Cheyenne, WY, US",Technology,Unknown,Private,Not Mentioned,"€25,211","['sql', 'machine learning', 'python']",14,25211
data scientist,Not Specified,hybrid,company_081,"Toronto, Canada . Hybrid",7 days ago,"San Francisco, CA, US",Technology,Public,"5,010",€4.42B,"€98,642 - €123,302",[],7,110972
data scientist,senior,Unknown,company_924,"Gainesville, FL",3 months ago,"Gainesville, FL, US",Education,Unknown,"19,503",Education,"€55,715 - €58,455","['pandas', 'numpy', 'pytorch', 'r', 'python', 'scikit-learn', 'scipy', 'machine learning', 'keras', 'deep learning', 'tensorflow']",3,57085
data scientist,senior,hybrid,company_925,San Francisco Bay Area . Hybrid,a month ago,"Dublin 2, IE",Technology,Private,150,Private,"€164,401 - €214,633","['pandas', 'spark', 'aws', 'r', 'python', 'scikit-learn', 'opencv', 'sql', 'machine learning', 'gcp', 'deep learning']",,189517
data scientist,senior,Unknown,company_928,"Barcelona, Catalonia, Spain",12 days ago,"Barcelona, CT, ES",Technology,Private,"4,770",Private,"€53,099","['deep learning', 'aws', 'machine learning', 'python']",12,53099
data scientist,senior,on-site,company_930,"San Diego, CA",21 days ago,"San Diego, CA, US",Healthcare,Private,"1,530",Private,"€167,749 - €215,676","['pytorch', 'python', 'java', 'sql', 'machine learning', 'deep learning', 'tensorflow']",21,191712.5
data scientist,senior,on-site,company_932,"Palo Alto, CA . Vancouver, WA . Spring, TX",25 days ago,"Palo Alto, CA, US",Technology,Public,"51,070",Public,"€140,657 - €216,600","['sql', 'powerbi', 'machine learning', 'python']",25,178628.5
data scientist,senior,Unknown,company_937,"Atlanta, GA",6 months ago,"Atlanta, GA, US",Retail,Public,"500,010",Public,"€111,435","['sql', 'tableau', 'python']",6,111435
data scientist,senior,hybrid,company_008,"San Jose, CA . Hybrid",3 months ago,"San Jose, CA, US",Technology,Public,"34,660",€81.76B,"€139,285 - €239,614","['sql', 'machine learning', 'python']",3,189449.5
machine learning engineer,senior,remote,company_690,"Maplewood, MN",a day ago,"Maplewood, MN, US",Healthcare,Public,"22,020",Public,"€125,529 - €153,424","['machine learning', 'python']",,139476.5
data scientist,senior,remote,company_169,Fully Remote,4 days ago,"San Francisco, CA, US",Technology,Public,"4,110",€7.79B,"€184,866 - €207,973",[],4,196419.5
machine learning engineer,junior,Unknown,company_941,"Bengaluru, Karnataka, India",14 days ago,"Dublin, IE",Technology,Public,"492,245",€153.30B,"€10,527 - €26,188",['machine learning'],14,18357.5
data scientist,senior,remote,company_611,"Denver, CO - Remote . Fully Remote",22 days ago,"Denver, CO, US",Technology,Public,"2,540",Public,"€137,006 - €200,939",[],22,168972.5
data scientist,senior,hybrid,company_214,"Washington, DC . Hybrid",a month ago,"Montréal, QC, CA",Technology,Public,"57,290",€17.25B,"€105,769","['r', 'python', 'sql', 'machine learning', 'matplotlib', 'tableau']",,105769
data scientist,lead,hybrid,company_728,"San Francisco, CA . Hybrid",a month ago,"Los Angeles, CA, US",Technology,Private,150,Private,"€258,479",[],,258479
data scientist,senior,Unknown,company_223,"London, England, United Kingdom",2 months ago,"New York, NY, US",Technology,Public,"10,060",Public,"€76,371","['powerbi', 'python', 'sql', 'machine learning', 'tableau']",2,76371
data scientist,lead,hybrid,company_947,Hybrid,a month ago,"New York, NY, US",Technology,Private,"2,020",Private,"€109,604 - €200,937",[],,155270.5
machine learning engineer,senior,on-site,company_156,"Mountain View, California (HQ) . On-site",16 days ago,"Mountain View, CA, US",Technology,Private,900,€8.05B,"€184,816 - €276,788",[],16,230802
data scientist,senior,on-site,company_273,"London, England, United Kingdom",6 months ago,"Menlo Park, CA, US",Technology,Public,"94,530",€230.27B,"€103,877 - €144,998","['sql', 'r', 'python']",6,124437.5
machine learning engineer,senior,remote,company_949,United States . Fully Remote,21 days ago,"San Francisco, CA, US",Technology,Private,150,Private,"€155,272 - €200,939","['pytorch', 'aws', 'r', 'python', 'machine learning', 'gcp', 'deep learning']",21,178105.5
data scientist,senior,remote,company_950,United States . Fully Remote,14 days ago,"New York, NY, US",Technology,Private,30,Private,"€109,601 - €173,534","['sql', 'tableau', 'python']",14,141567.5
data scientist,lead,remote,company_951,"New York, NY",7 days ago,"New York, NY, US",Finance,Private,"8,010",Private,"€136,032 - €223,478","['pytorch', 'python', 'machine learning', 'deep learning', 'tensorflow']",7,179755
data scientist,senior,Unknown,company_052,"Amsterdam, North Holland, Netherlands",a month ago,"San Francisco, CA, US",Technology,Public,"26,910",€53.25B,"€72,513","['tableau', 'sql', 'r', 'python']",,72513
data scientist,Not Specified,hybrid,company_952,Hybrid,6 days ago,"Culver City, CA, US",Education,Private,390,Private,"€109,600 - €137,000",[],6,123300
data scientist,senior,hybrid,company_146,"New York City, NY . San Francisco, CA . Hybrid",12 days ago,"San Francisco, CA, US",Finance,Private,780,€11.80B,"€175,364 - €241,124",[],12,208244
data scientist,midlevel,on-site,company_105,"Gurgaon, Haryana, India",15 days ago,"New York, NY, US",Technology,Private,"30,060",Private,"€24,227","['aws', 'python', 'docker', 'machine learning', 'gcp', 'kubernetes', 'azure']",15,24227
data scientist,senior,Unknown,company_954,"Palo Alto, CA",14 days ago,"CA, US",Technology,Private,15,Private,"€137,004 - €228,336",[],14,182670
data scientist,Not Specified,remote,company_675,"Remote, United States . Fully Remote",6 days ago,"El Segundo, CA, US",Technology,Private,45,Private,"€118,741 - €182,674",[],6,150707.5
data scientist,senior,Unknown,company_270,"Dallas, TX",7 days ago,"Woonsocket, RI, US",Healthcare,Public,"300,070",€121.37B,"€76,206 - €203,204","['git', 'python', 'docker', 'sql', 'machine learning', 'kubernetes', 'azure']",7,139705
data scientist,senior,hybrid,company_115,"Bengaluru, Karnataka, India . Hybrid",a day ago,"Frankfurt am Main, HE, DE",Finance,Public,"68,430",Public,"€24,205","['pytorch', 'aws', 'python', 'sql', 'gcp', 'azure', 'tensorflow']",,24205
data scientist,lead,Unknown,company_244,"Bengaluru, Karnataka, India",5 days ago,"New York, NY, US",Finance,Public,"290,770",€350.37B,"€42,738","['sql', 'machine learning', 'tableau', 'python']",5,42738
data scientist,senior,Unknown,company_233,"San Diego, CA",4 days ago,"Reston, VA, US",Technology,Public,"27,440",Public,"€95,583 - €172,782","['machine learning', 'python']",4,134182.5
data scientist,lead,on-site,company_962,"Stamford, CT",a month ago,"Stamford, CT, US",Technology,Public,"3,305",Public,"€138,011 - €166,416",['python'],,152213.5
data scientist,senior,on-site,company_119,"Menlo Park, CA . On-site",a month ago,"West Menlo Park, CA, US",Finance,Public,"3,790",€7.94B,"€184,499 - €217,378",[],,200938.5
data scientist,senior,remote,company_038,"Stockholm, Stockholm County, Sweden",7 days ago,"Kista, SE",Technology,Public,"131,970",€17.11B,"€52,510","['spark', 'scikit-learn', 'python', 'scala', 'java', 'machine learning', 'keras', 'deep learning', 'tensorflow']",7,52510
data scientist,senior,remote,company_964,"Herndon, VA",a day ago,"Westminster, CO, US",Technology,Public,"2,870",Public,"€123,307 - €168,973","['pandas', 'numpy', 'aws', 'git', 'python', 'docker', 'linux', 'sklearn', 'machine learning', 'kubernetes', 'deep learning', 'azure', 'matplotlib']",,146140
data scientist,senior,Unknown,company_610,"Chicago, IL",25 days ago,"Chicago, IL, US",Technology,Private,"51,230",Private,"€104,727","['java', 'machine learning', 'r', 'python']",25,104727
data scientist,Not Specified,remote,company_965,Fully Remote,13 days ago,"Bellevue, WA, US",Technology,Private,330,Private,"€87,643",[],13,87643
data scientist,lead,hybrid,company_645,Hybrid,9 days ago,"Berkeley, CA, US",Technology,Private,180,Private,"€178,100 - €205,500",[],9,191800
data scientist,senior,remote,company_966,"California, United States, Colorado, United States, Florida, United States, Georgia, United States, Illinois, United States, Massachusetts, United States, Nevada, United States, New Jersey, United States, New York, United States, North Carolina, United States, Oregon, United States, Pennsylvania, United States, South Carolina, United States, Texas, United States, Virginia, United States, Washington, United States . Fully Remote",14 days ago,"San Francisco, CA, US",Finance,Private,240,Private,"€173,535",[],14,173535
data scientist,senior,hybrid,company_967,Greater Bengaluru Area . Hybrid,15 days ago,"San Diego, CA, US",Technology,Private,950,Private,"€2,739,979","['spark', 'aws', 'r', 'python', 'sql', 'machine learning', 'gcp', 'hadoop', 'azure']",15,2739979
data scientist,midlevel,hybrid,company_202,"Bengaluru, Karnataka, India . Hybrid",2 days ago,"Palo Alto, CA, US",Technology,Public,"195,020",€18.30B,"€34,805","['numpy', 'spark', 'aws', 'python', 'neural network', 'database', 'machine learning', 'tensorflow']",2,34805
data scientist,senior,remote,company_969,"San Jose, California, United States . Fully Remote",8 days ago,"Purchase, NY, US",Healthcare,Public,"4,570",Public,"€155,272 - €182,672",[],8,168972
data scientist,junior,Unknown,company_343,"London, England, United Kingdom",2 days ago,"Edinburgh, GB",Finance,Public,"60,020",€24.63B,"€59,680","['aws', 'machine learning', 'linux', 'python']",2,59680
data scientist,senior,remote,company_337,"Reston, VA",7 days ago,"Fairfax, VA, US",Finance,Public,"7,290",Public,"€108,442 - €184,349","['r', 'python', 'sql', 'machine learning', 'database', 'azure']",7,146395.5
data scientist,senior,Unknown,company_212,"Cincinnati, OH",22 days ago,"Boston, MA, US",Technology,Public,"222,490",Public,"€135,178","['aws', 'python', 'machine learning', 'azure', 'deep learning']",22,135178
data scientist,senior,Unknown,company_318,United States,2 months ago,"Dallas, TX, US",Technology,Public,"55,030",€14.56B,"€100,472","['sql', 'machine learning', 'r', 'python']",2,100472
data scientist,midlevel,remote,company_421,Brazil . Fully Remote,14 days ago,"Cheyenne, WY, US",Technology,Unknown,Private,Not Mentioned,"€25,211","['sql', 'machine learning', 'python']",14,25211
data scientist,midlevel,Unknown,company_971,"Singapore, Singapore",7 days ago,"Singapore, SG",Technology,Private,"3,682",Private,"€83,973",['machine learning'],7,83973
machine learning engineer,Not Specified,on-site,company_403,"Boston, MA . On-site",6 days ago,"Boston, MA, US",Retail,Public,"17,030",Public,"€160,750 - €170,797",[],6,165773.5
data scientist,senior,remote,company_067,"San Francisco, CA, US . Remote, US . Fully Remote",21 days ago,"San Francisco, CA, US",Technology,Public,"5,260",€14.30B,"€306,626",[],21,306626
data scientist,senior,remote,company_974,"Toronto, Ontario, Canada",4 days ago,"Toronto, ON, CA",Technology,Public,"2,280",Public,"€45,064 - €105,142","['sql', 'machine learning', 'python']",4,75103
data scientist,senior,hybrid,company_975,"San Francisco, California, United States . Hybrid",12 days ago,"Miramar, FL, US",Technology,Private,15,Private,"€173,539 - €210,072",[],12,191805.5
data scientist,senior,Unknown,company_895,"Colorado Springs, CO",2 months ago,"Centreville, VA, US",Technology,Public,"16,060",Public,"€79,192 - €138,558","['pandas', 'numpy', 'pytorch', 'spark', 'aws', 'amazon', 'r', 'python', 'scikit-learn', 'scipy', 'linux', 'java', 'machine learning', 'keras', 'deep learning', 'matplotlib', 'tensorflow']",2,108875
data scientist,senior,on-site,company_979,"Bengaluru, Karnataka, India",2 months ago,"Pune, MH, IN",Technology,Public,"125,010",Public,"€23,903","['spark', 'aws', 'r', 'python', 'sql', 'machine learning', 'database', 'hadoop', 'azure']",2,23903
machine learning engineer,Not Specified,on-site,company_156,"Mountain View, California (HQ) . On-site",16 days ago,"Mountain View, CA, US",Technology,Private,900,€8.10B,"€126,250 - €189,589",[],16,157919.5
data scientist,senior,hybrid,company_003,"Bentonville, AR . Hybrid",18 days ago,"Bentonville, AR, US",Retail,Public,€352.44B,Public,"€82,200 - €164,400","['spark', 'r', 'python', 'scala', 'machine learning', 'tensorflow']",18,123300
data scientist,lead,Unknown,company_980,"Bengaluru, Karnataka, India",a month ago,"Minneapolis, MN, US",Retail,Public,"409,060",€66.94B,"€31,966 - €58,197","['spark', 'r', 'python', 'scala', 'java', 'sql', 'hadoop', 'machine learning']",,45081.5
data scientist,midlevel,hybrid,company_983,"Annapolis Junction, MD . Fort Meade, MD . Hybrid",17 days ago,"McLean, VA, US",Technology,Public,"27,060",Public,"€70,878 - €160,749","['linux', 'machine learning', 'r', 'python']",17,115813.5
data scientist,senior,hybrid,company_357,"Hyderabad, Telangana, India . Chennai, Tamil Nadu, India . Hybrid",14 days ago,"Basking Ridge, NJ, US",Technology,Public,"132,070",€142.28B,"€22,839","['aws', 'r', 'python', 'sql', 'gcp', 'machine learning', 'tableau']",14,22839
data scientist,junior,Unknown,company_014,"Berkeley, CA",2 months ago,"Berkeley, CA, US",Education,Unknown,"17,441",Education,"€99,741 - €189,795",['machine learning'],2,144768
data scientist,midlevel,remote,company_421,"Santo Domingo, Dominican Republic . Fully Remote",14 days ago,"Cheyenne, WY, US",Technology,Unknown,Private,Not Mentioned,"€25,216","['sql', 'machine learning', 'python']",14,25216
data scientist,junior,Unknown,company_985,"Madrid, Community of Madrid, Spain",5 days ago,"Chicago, IL, US",Finance,Private,"312,040",Private,"€28,045","['python', 'docker', 'kubernetes', 'machine learning', 'azure', 'deep learning']",5,28045
data scientist,senior,remote,company_647,"India, Hyderabad . Fully Remote",20 days ago,"London, GB",Technology,Private,900,Private,"€39,023",[],20,39023
data scientist,senior,on-site,company_316,"Gurgaon, Haryana, India",8 days ago,"Eden Prairie, MN, US",Healthcare,Public,"37,950",Public,"€29,801 - €32,905","['python', 'machine learning', 'gcp', 'azure', 'deep learning', 'tensorflow']",8,31353
data scientist,lead,on-site,company_844,"San Diego, CA",3 days ago,"Mountain View, CA, US",Technology,Public,"17,070",€94.69B,"€145,221","['r', 'python', 'sql', 'machine learning', 'tableau']",3,145221
data scientist,lead,remote,company_338,"Cambridge, MA",7 days ago,"Paris, FR",Healthcare,Public,"75,470",€99.86B,"€149,787","['pytorch', 'r', 'python', 'machine learning', 'tensorflow']",7,149787
data scientist,senior,on-site,company_816,"San Francisco, CA",2 months ago,"San Francisco, CA, US",Retail,Public,"117,010",Public,"€159,293 - €211,170","['spark', 'sql', 'azure', 'python']",2,185231.5
data scientist,senior,on-site,company_096,"New York, New York, United States . On-site",23 days ago,"San Francisco, CA, US",Finance,Private,950,€11.68B,"€175,364 - €219,204",[],23,197284
data scientist,senior,on-site,company_917,"Mountain View, CA . San Bruno, CA",4 days ago,"Mountain View, CA, US",Technology,Public,"258,760",€1.14T,"€151,616 - €222,855","['sql', 'r', 'python']",4,187235.5
data scientist,senior,on-site,company_003,"Bellevue, WA",16 days ago,"Bentonville, AR, US",Retail,Public,€352.44B,Public,"€142,483 - €284,961","['pytorch', 'spark', 'r', 'python', 'scala', 'machine learning', 'azure', 'tensorflow']",16,213722
data scientist,senior,on-site,company_849,"Whitehouse Station, NJ . Philadelphia, PA . Jersey City, NJ . Philadelphia, Pennsylvania, Amerika Serikat . Whitehouse Station, New Jersey, Amerika Serikat",3 months ago,"Readington Township, NJ, US",Finance,Public,"29,400",Public,"€96,818 - €165,318","['database', 'sql', 'machine learning', 'python']",3,131068
data scientist,midlevel,Unknown,company_055,"Cary, NC",19 days ago,"Zürich, ZH, CH",Technology,Public,"97,300",€55.34B,"€37,995 - €64,591",[],19,51293
machine learning engineer,Not Specified,hybrid,company_403,"Boston, MA . Hybrid",22 days ago,"Boston, MA, US",Retail,Public,"17,020",Public,"€160,748 - €170,795",[],22,165771.5
data scientist,lead,Unknown,company_366,"Hyderabad, Telangana, India",7 days ago,"Columbia, MD, US",Technology,Private,180,Private,"€19,780","['aws', 'r', 'python', 'sql', 'machine learning', 'azure', 'tableau']",7,19780
machine learning engineer,senior,Unknown,company_941,"Bengaluru, Karnataka, India",14 days ago,"Dublin, IE",Technology,Public,"492,235",€153.05B,"€10,524 - €26,185","['sql', 'python']",14,18354.5
data scientist,Not Specified,hybrid,company_081,"Toronto, Canada . Hybrid",7 days ago,"San Francisco, CA, US",Technology,Public,"5,010",€4.67B,"€98,640 - €123,300",[],7,110970
data scientist,senior,Unknown,company_844,"Plano, TX",8 days ago,"Mountain View, CA, US",Technology,Public,"17,020",€94.39B,"€168,969","['spark', 'r', 'python', 'sql', 'tableau']",8,168969
data scientist,senior,on-site,company_917,"Mountain View, CA",5 days ago,"Mountain View, CA, US",Technology,Public,"258,800",€1.29T,"€128,780 - €184,493","['sql', 'r', 'python']",5,156636.5
data scientist,lead,hybrid,company_667,"Mountain View, CA, US . San Francisco, CA, US . Hybrid",9 days ago,"Mountain View, CA, US",Technology,Private,"2,760",Private,"€251,171",[],9,251171
data scientist,senior,remote,company_421,"Lima, Peru",5 days ago,"Cheyenne, WY, US",Technology,Unknown,Private,Not Mentioned,"€7,679","['pandas', 'numpy', 'python', 'sklearn', 'machine learning', 'matplotlib']",5,7679
data scientist,senior,remote,company_848,"East Hanover, NJ",14 days ago,"Basel, BS, CH",Healthcare,Public,"107,690",€160.95B,"€104,122 - €192,715","['gcp', 'database']",14,148418.5
data scientist,senior,Unknown,company_844,"Mountain View, CA",a month ago,"Mountain View, CA, US",Technology,Public,"17,020",€94.64B,"€173,539","['sql', 'machine learning', 'r', 'python']",,173539
data scientist,lead,on-site,company_235,"Colorado Springs, CO",8 days ago,"San Antonio, TX, US",Finance,Private,"33,020",Private,"€150,503 - €287,666","['r', 'python', 'sql', 'database', 'machine learning']",8,219084.5
data scientist,senior,Unknown,company_270,"Albany, NY",2 months ago,"Woonsocket, RI, US",Healthcare,Public,"300,060",€121.22B,"€131,709 - €263,411","['aws', 'python', 'sql', 'machine learning', 'gcp', 'azure']",2,197560
data scientist,senior,Unknown,company_233,"McLean, VA",2 months ago,"Reston, VA, US",Technology,Public,"27,450",Public,"€115,177 - €208,199","['pandas', 'numpy', 'r', 'python', 'sql', 'tableau']",2,161688
data scientist,lead,Unknown,company_872,"Boise, ID",a month ago,"Atlanta, GA, US",Finance,Public,"11,060",€18.58B,"€100,474","['pandas', 'numpy', 'pytorch', 'spark', 'r', 'python', 'scikit-learn', 'machine learning', 'deep learning', 'tensorflow']",,100474
data scientist,senior,hybrid,company_115,"Bengaluru, Karnataka, India . Hybrid",7 days ago,"Frankfurt am Main, HE, DE",Finance,Public,"68,420",Public,"€24,200","['pytorch', 'aws', 'python', 'sql', 'gcp', 'azure', 'tensorflow']",7,24200
data scientist,senior,hybrid,company_316,"Dublin, County Dublin, Ireland . Hybrid",14 days ago,"Eden Prairie, MN, US",Healthcare,Public,"37,950",Public,"€67,973 - €93,598","['git', 'r', 'python', 'hadoop', 'deep learning', 'keras', 'azure', 'tensorflow']",14,80785.5
data scientist,senior,on-site,company_917,"Mountain View, CA",a month ago,"Mountain View, CA, US",Technology,Public,"258,810",€1.44T,"€207,333 - €292,272","['sql', 'r', 'python']",,249802.5
data scientist,senior,remote,company_967,"Gurugram, Haryana, India . Madurai, Tamil Nadu, India . Jaipur, Rajasthan, India . Chandigarh, India . Mumbai, Maharashtra, India + 34 More",7 days ago,"San Diego, CA, US",Technology,Private,950,Private,"€24,358","['scikit-learn', 'python', 'airflow', 'sql', 'machine learning']",7,24358
data scientist,senior,Unknown,company_678,"Fort Meade, MD",8 days ago,"Herndon, VA, US",Technology,Private,"5,010",Private,"€133,347 - €213,720",['tableau'],8,173533.5
data scientist,senior,Unknown,company_366,"Hyderabad, Telangana, India",a month ago,"Columbia, MD, US",Technology,Private,180,Private,"€19,777","['pytorch', 'aws', 'python', 'docker', 'gcp', 'kubernetes', 'azure', 'tensorflow']",,19777
machine learning engineer,senior,on-site,company_156,"Mountain View, California (HQ) . On-site",7 days ago,"Mountain View, CA, US",Technology,Private,900,€8.20B,"€203,472 - €304,988",[],7,254230
data scientist,senior,hybrid,company_308,"Redmond, WA . Hybrid",2 days ago,"Redmond, WA, US",Technology,Public,"182,328",€1.98T,"€136,788","['sql', 'azure', 'machine learning', 'python']",2,136788
data scientist,senior,hybrid,company_980,"Brooklyn Park, MN . Hybrid",7 days ago,"Minneapolis, MN, US",Retail,Public,"409,050",€67.04B,"€86,770 - €156,183","['spark', 'r', 'python', 'scala', 'java', 'sql', 'hadoop', 'machine learning']",7,121476.5
data scientist,senior,hybrid,company_291,"Alpharetta, GA . Hybrid",7 days ago,"Bengaluru, KA, IN",Technology,Public,"261,040",€71.18B,"€85,855 - €150,244","['pytorch', 'spark', 'aws', 'r', 'python', 'scala', 'java', 'sql', 'machine learning', 'gcp', 'deep learning', 'azure', 'tensorflow', 'tableau']",7,118049.5
data scientist,senior,Unknown,company_171,"Bengaluru, Karnataka, India",7 days ago,"Armonk, NY, US",Technology,Public,"524,568",€119.18B,"€33,043 - €52,693","['pandas', 'pytorch', 'r', 'python', 'java', 'database', 'keras', 'machine learning', 'matplotlib', 'tensorflow']",7,42868
machine learning engineer,senior,Unknown,company_678,"College Park, MD",21 days ago,"Herndon, VA, US",Technology,Private,"5,060",Private,"€73,068 - €116,908","['pytorch', 'python', 'java', 'keras', 'machine learning', 'tensorflow']",21,94988
data scientist,senior,on-site,company_395,"New York, NY",18 days ago,"McLean, VA, US",Retail,Public,"55,100",€36.38B,"€158,013 - €180,298","['pytorch', 'aws', 'database', 'machine learning', 'tensorflow']",18,169155.5
data scientist,senior,hybrid,company_667,"Mountain View, California, USA . Hybrid",9 days ago,"Mountain View, CA, US",Technology,Private,"2,810",Private,"€236,556",[],9,236556
data scientist,senior,Unknown,company_183,"Tallinn, Harjumaa, Estonia",7 days ago,"Tallinn, EE",Technology,Private,"3,760",Private,"€61,775","['pandas', 'numpy', 'spark', 'aws', 'scikit-learn', 'python', 'airflow', 'machine learning']",7,61775
data scientist,senior,Unknown,company_980,"Bengaluru, Karnataka, India",a month ago,"Minneapolis, MN, US",Retail,Public,"409,040",€67.09B,"€31,971 - €58,202","['pytorch', 'python', 'docker', 'sql', 'machine learning', 'kubernetes', 'hadoop', 'deep learning', 'tensorflow']",,45086.5
data scientist,senior,on-site,company_288,"Washington, DC . On-site",7 days ago,"Reston, VA, US",Technology,Public,"26,010",€62.74B,"€109,604 - €146,136",['machine learning'],7,127870
data scientist,senior,hybrid,company_983,"Fort Belvoir, VA . Reston, VA . Hybrid",20 days ago,"McLean, VA, US",Technology,Public,"27,010",Public,"€90,421 - €205,500","['spark', 'r', 'python', 'sql', 'hadoop', 'machine learning']",20,147960.5
data scientist,senior,hybrid,company_067,"San Francisco, CA, US . Seattle, WA, US . Palo Alto, CA, US . Hybrid",19 hours ago,"San Francisco, CA, US",Technology,Public,"5,300",€14.25B,"€306,623",[],19,306623
data scientist,lead,on-site,company_395,"New York, NY",16 days ago,"McLean, VA, US",Retail,Public,"55,110",€36.03B,"€262,862 - €300,034","['aws', 'r', 'python', 'scala', 'machine learning', 'database', 'deep learning']",16,281448
data scientist,senior,on-site,company_395,"San Jose, CA",6 days ago,"McLean, VA, US",Retail,Public,"55,130",€36.03B,"€132,526 - €151,250","['pytorch', 'aws', 'r', 'python', 'scala', 'sql', 'database', 'machine learning']",6,141888
data scientist,senior,hybrid,company_291,"Alpharetta, GA . Hybrid",7 days ago,"Bengaluru, KA, IN",Technology,Public,"261,010",€71.03B,"€85,862 - €150,251","['pytorch', 'spark', 'aws', 'r', 'python', 'scala', 'java', 'sql', 'machine learning', 'gcp', 'deep learning', 'azure', 'tensorflow', 'tableau']",7,118056.5
data scientist,senior,on-site,company_003,"Sunnyvale, CA",21 days ago,"Bentonville, AR, US",Retail,Public,€352.44B,Public,"€106,860 - €213,719","['pytorch', 'spark', 'r', 'python', 'scala', 'machine learning', 'tensorflow']",21,160289.5
data scientist,senior,Unknown,company_291,"Bengaluru East, Karnataka, India",6 days ago,"Bengaluru, KA, IN",Technology,Public,"261,040",€71.13B,"€9,582","['aws', 'r', 'python', 'sql', 'neural network', 'gcp', 'azure']",6,9582
data scientist,senior,hybrid,company_922,"Hartford, CT . Chicago, IL . Charlotte, NC . Columbus, OH . Hybrid",7 days ago,"Hartford, CT, US",Finance,Public,"18,190",€21.60B,"€100,028 - €150,042",['machine learning'],7,125035
data scientist,Not Specified,hybrid,company_081,"Toronto, Canada . Hybrid",7 days ago,"San Francisco, CA, US",Technology,Public,"5,040",€4.72B,"€98,648 - €123,308",[],7,110978
data scientist,senior,on-site,company_185,"Linthicum Heights, MD . On-site",14 days ago,"Falls Church, VA, US",Technology,Public,"97,050",€75.00B,"€164,039 - €246,056",['r'],14,205047.5
data scientist,lead,on-site,company_230,"North Chicago, IL",a month ago,"North Chicago, IL, US",Healthcare,Public,"49,360",€245.34B,"€137,007",[],,137007
data scientist,midlevel,remote,company_421,"San Juan, Puerto Rico . Fully Remote",14 days ago,"Cheyenne, WY, US",Technology,Unknown,Private,Not Mentioned,"€25,214","['sql', 'machine learning', 'python']",14,25214
data scientist,senior,on-site,company_490,"Overland Park, KS . Bellevue, WA . Frisco, TX",3 months ago,"Bellevue, WA, US",Technology,Public,"83,560",Public,"€116,363 - €209,887","['aws', 'r', 'python', 'sql', 'machine learning', 'deep learning', 'azure']",3,163125
data scientist,senior,Unknown,company_844,"San Francisco, CA",21 days ago,"Mountain View, CA, US",Technology,Public,"17,070",€94.49B,"€168,968","['r', 'python', 'sql', 'machine learning', 'tableau']",21,168968
data scientist,senior,Unknown,company_171,"Hyderabad, Telangana, India",14 days ago,"Armonk, NY, US",Technology,Public,"524,608",€119.33B,"€27,279 - €52,700","['database', 'machine learning', 'java']",14,39989.5
data scientist,senior,hybrid,company_183,"Tallinn, Harjumaa, Estonia . Hybrid",a month ago,"Tallinn, EE",Technology,Private,"3,760",Private,"€61,778","['pandas', 'numpy', 'pytorch', 'spark', 'aws', 'scikit-learn', 'python', 'docker', 'airflow', 'machine learning', 'deep learning']",,61778
data scientist,senior,Unknown,company_844,"Mountain View, CA",7 days ago,"Mountain View, CA, US",Technology,Public,"17,050",€94.54B,"€168,967","['sql', 'machine learning', 'tableau', 'python']",7,168967
machine learning engineer,senior,on-site,company_135,"Taipei, Taiwan . On-site",a month ago,TW,Technology,Private,530,Private,"€36,345",[],,36345
data scientist,senior,Unknown,company_889,"Brooklyn, NY",14 days ago,"NY, US",Energy,Public,"6,190",Public,"€127,871 - €166,230","['sql', 'python']",14,147050.5
data scientist,midlevel,Unknown,company_244,"Mumbai, Maharashtra, India",7 days ago,"New York, NY, US",Finance,Public,"290,800",€350.32B,"€33,751","['spark', 'sql', 'machine learning', 'python']",7,33751
data scientist,midlevel,Unknown,company_174,"Amsterdam, North Holland, Netherlands",a month ago,"Amsterdam, NH, NL",Technology,Private,900,Private,"€49,109","['machine learning', 'python']",,49109
data scientist,senior,remote,company_083,Mumbai Metropolitan Region . Fully Remote,2 months ago,"Paris, IDF, FR",Technology,Private,"263,610",€25.31B,"€4,055 - €10,055","['pandas', 'numpy', 'pytorch', 'scipy', 'opencv', 'hadoop', 'machine learning', 'keras', 'deep learning', 'tensorflow']",2,7055
data scientist,lead,on-site,company_244,"Plano, TX . On-site",5 days ago,"New York, NY, US",Finance,Public,"290,750",€350.32B,"€137,008","['amazon', 'spark', 'aws', 'r', 'python', 'scala', 'sql', 'machine learning', 'gcp', 'hadoop', 'azure']",5,137008
data scientist,junior,on-site,company_849,"Jersey City, NJ . Whitehouse Station, NJ . Simsbury, CT . Philadelphia, PA",a month ago,"Readington Township, NJ, US",Finance,Public,"29,410",Public,"€79,463 - €135,176","['pandas', 'numpy', 'pytorch', 'spark', 'scikit-learn', 'python', 'linux', 'airflow', 'sql', 'machine learning', 'database', 'azure', 'tensorflow']",,107319.5
data scientist,senior,on-site,company_844,"Mountain View, CA",4 days ago,"Mountain View, CA, US",Technology,Public,"17,020",€94.59B,"€163,490 - €170,340","['sql', 'machine learning', 'r', 'python']",4,166915
data scientist,lead,on-site,company_273,"San Francisco, CA",14 days ago,"Menlo Park, CA, US",Technology,Public,"94,560",€230.37B,"€231,078 - €286,791",['machine learning'],14,258934.5
data scientist,senior,hybrid,company_146,"San Francisco, CA . Hybrid",12 days ago,"San Francisco, CA, US",Finance,Private,780,€11.75B,"€204,593 - €281,312",[],12,242952.5
data scientist,senior,Unknown,company_223,"Raleigh, NC",6 days ago,"New York, NY, US",Technology,Public,"10,040",Public,"€99,557","['spark', 'aws', 'r', 'python', 'machine learning', 'hadoop', 'deep learning']",6,99557
data scientist,senior,Unknown,company_309,"Bengaluru, Karnataka, India",21 days ago,"New York, NY, US",Technology,Private,"3,550",Private,"€19,234","['pytorch', 'aws', 'git', 'python', 'docker', 'sql', 'machine learning', 'gcp', 'deep learning', 'keras', 'azure', 'tensorflow', 'tableau']",21,19234
data scientist,lead,on-site,company_395,"McLean, VA",18 days ago,"McLean, VA, US",Retail,Public,"55,100",€36.18B,"€262,864 - €300,036","['aws', 'r', 'python', 'scala', 'machine learning', 'database', 'deep learning']",18,281450
data scientist,senior,on-site,company_878,"San Jose, CA . Austin, TX",7 days ago,"San Jose, CA, US",Technology,Public,"21,260",€144.77B,"€117,457 - €213,904","['sql', 'python']",7,165680.5
data scientist,senior,hybrid,company_146,"San Francisco, CA . Hybrid",12 days ago,"San Francisco, CA, US",Finance,Private,780,€11.90B,"€204,590 - €281,309",[],12,242949.5
data scientist,lead,on-site,company_395,"McLean, VA",21 days ago,"McLean, VA, US",Retail,Public,"55,100",€36.23B,"€262,861 - €300,033","['aws', 'r', 'python', 'scala', 'machine learning', 'database', 'deep learning']",21,281447
machine learning engineer,senior,on-site,company_336,"South San Francisco, CA . New York, NY",4 days ago,"South San Francisco, CA, US",Technology,Private,"14,060",Private,"€177,193","['pytorch', 'r', 'python', 'scala', 'java', 'machine learning', 'deep learning', 'tensorflow']",4,177193
data scientist,senior,hybrid,company_081,"San Francisco, CA . Hybrid",7 days ago,"San Francisco, CA, US",Technology,Public,"5,020",€4.72B,"€135,174 - €168,967",[],7,152070.5
data scientist,senior,remote,company_421,"Bogota, D.C., Capital District, Colombia",5 days ago,"Cheyenne, WY, US",Technology,Unknown,Private,Not Mentioned,"€7,680","['pandas', 'numpy', 'python', 'sklearn', 'machine learning', 'matplotlib']",5,7680
data scientist,midlevel,remote,company_318,"San Francisco, CA . Atlanta, GA . Portland, OR . Seattle, WA . Pittsburgh, PA + 2 More",11 days ago,"Dallas, TX, US",Technology,Public,"55,040",€14.61B,"€118,739",['machine learning'],11,118739
data scientist,midlevel,on-site,company_273,"San Francisco, CA",a month ago,"Menlo Park, CA, US",Technology,Public,"94,540",€230.42B,"€132,439 - €186,325","['sql', 'machine learning', 'r', 'python']",,159382
data scientist,senior,on-site,company_003,"Sunnyvale, CA",12 days ago,"Bentonville, AR, US",Retail,Public,€352.44B,Public,"€118,736 - €237,469","['pytorch', 'spark', 'r', 'python', 'scala', 'java', 'sql', 'machine learning', 'deep learning', 'keras', 'azure', 'tensorflow']",12,178102.5
data scientist,senior,hybrid,company_316,"Dublin, County Dublin, Ireland . Hybrid",3 days ago,"Eden Prairie, MN, US",Healthcare,Public,"37,990",Public,"€52,987","['aws', 'r', 'python', 'airflow', 'sql', 'machine learning', 'azure', 'tableau']",3,52987
data scientist,senior,remote,company_572,Fully Remote,6 days ago,"San Francisco, CA, US",Technology,Private,45,Private,"€146,136 - €159,836",[],6,152986
data scientist,senior,Unknown,company_371,"South San Francisco, CA",a month ago,"South San Francisco, CA, US",Healthcare,Private,250,Private,"€109,602 - €168,968","['r', 'python']",,139285
data scientist,senior,Unknown,company_207,"Singapore, Singapore",3 days ago,"Boise, ID, US",Technology,Public,"40,040",€55.29B,"€85,616","['git', 'python', 'java', 'sql', 'machine learning']",3,85616
data scientist,senior,on-site,company_003,"Bentonville, AR",14 days ago,"Bentonville, AR, US",Retail,Public,€352.44B,Public,"€100,468 - €200,934","['spark', 'r', 'python', 'scala', 'sql', 'machine learning', 'tensorflow']",14,150701
data scientist,midlevel,hybrid,company_983,"Arlington, VA . Hybrid",6 days ago,"McLean, VA, US",Technology,Public,"27,030",Public,"€70,880 - €160,751","['spark', 'r', 'python', 'sql', 'hadoop', 'machine learning']",6,115815.5
data scientist,midlevel,Unknown,company_941,"Kochi, Kerala, India",14 days ago,"Dublin, IE",Technology,Public,"492,195",€153.25B,"€12,728 - €26,188","['aws', 'r', 'python', 'scala', 'java', 'sql', 'machine learning', 'hadoop', 'azure', 'tableau']",14,19458
data scientist,senior,hybrid,company_270,"New York, NY . Hybrid",2 months ago,"Woonsocket, RI, US",Healthcare,Public,"300,010",€121.47B,"€101,605 - €203,204","['pytorch', 'aws', 'python', 'sql', 'machine learning', 'gcp', 'deep learning', 'azure']",2,152404.5
data scientist,senior,Unknown,company_291,"Bengaluru East, Karnataka, India",5 days ago,"Bengaluru, KA, IN",Technology,Public,"261,060",€71.03B,"€9,587",['machine learning'],5,9587
data scientist,midlevel,hybrid,company_983,"Washington, DC . Hybrid",14 days ago,"McLean, VA, US",Technology,Public,"27,070",Public,"€70,883 - €160,754","['machine learning', 'tableau', 'python']",14,115818.5
data scientist,senior,hybrid,company_083,"Sevilla La Nueva, Community of Madrid, Spain . Hybrid",14 days ago,"Paris, IDF, FR",Technology,Private,"263,590",€25.36B,"€32,155","['pytorch', 'aws', 'r', 'python', 'docker', 'opencv', 'machine learning', 'gcp', 'kubernetes', 'deep learning', 'azure', 'tensorflow']",14,32155
data scientist,senior,hybrid,company_983,"Chantilly, VA . Hybrid",7 days ago,"McLean, VA, US",Technology,Public,"27,050",Public,"€90,426 - €205,505","['r', 'python', 'java', 'sql', 'database', 'tableau']",7,147965.5
data scientist,midlevel,on-site,company_310,"Riverside, CA . On-site",a month ago,"Arlington, VA, US",Technology,Public,"20,010",Public,"€82,476","['pytorch', 'aws', 'scikit-learn', 'python', 'machine learning', 'azure', 'tensorflow']",,82476
data scientist,lead,on-site,company_235,"Colorado Springs, CO",14 days ago,"San Antonio, TX, US",Finance,Private,"33,010",Private,"€137,005","['spark', 'r', 'python', 'sql', 'machine learning', 'hadoop', 'deep learning']",14,137005
data scientist,midlevel,on-site,company_273,"Los Angeles, CA",18 days ago,"Menlo Park, CA, US",Technology,Public,"94,590",€230.32B,"€158,014 - €221,034","['sql', 'machine learning', 'r', 'python']",18,189524
data scientist,senior,Unknown,company_678,"Fort Meade, MD",7 days ago,"Herndon, VA, US",Technology,Private,"5,060",Private,"€102,293 - €163,486",['tableau'],7,132889.5
data scientist,senior,on-site,company_980,"Bengaluru, Karnataka, India",2 months ago,"Minneapolis, MN, US",Retail,Public,"409,050",€67.04B,"€31,210 - €58,197","['spark', 'machine learning', 'git', 'python']",2,44703.5
data scientist,lead,on-site,company_316,"Mumbai, Maharashtra, India",14 days ago,"Eden Prairie, MN, US",Healthcare,Public,"37,950",Public,"€29,799 - €32,903","['git', 'r', 'python', 'airflow', 'sql', 'machine learning']",14,31351
data scientist,midlevel,on-site,company_273,"Sunnyvale, CA",a month ago,"Menlo Park, CA, US",Technology,Public,"94,590",€230.37B,"€132,433 - €186,319","['sql', 'machine learning', 'r', 'python']",,159376
data scientist,senior,Unknown,company_844,"San Francisco, CA",25 days ago,"Mountain View, CA, US",Technology,Public,"17,020",€94.39B,"€173,540","['sql', 'machine learning', 'r', 'python']",25,173540
data scientist,lead,on-site,company_003,"Sunnyvale, CA",14 days ago,"Bentonville, AR, US",Retail,Public,€352.44B,Public,"€182,672","['spark', 'r', 'python', 'scala', 'machine learning', 'tensorflow']",14,182672
machine learning engineer,senior,hybrid,company_315,"Noida, Uttar Pradesh, India . Ahmedabad, Gujarat, India . Trivandrum, Kerala, India . Bengaluru, Karnataka, India . Hyderabad, Telangana, India + 2 More . Hybrid",a month ago,"Austin, TX, US",Technology,Public,"212,630",€188.21B,"€41,974","['pytorch', 'spark', 'aws', 'scikit-learn', 'python', 'docker', 'deep learning', 'sql', 'machine learning', 'gcp', 'kubernetes', 'hadoop', 'azure', 'tensorflow']",,41974
data scientist,senior,on-site,company_355,"San Francisco, CA . Seattle, WA . Atlanta, GA",5 days ago,"San Francisco, CA, US",Technology,Public,"65,820",€130.59B,"€183,405 - €252,178","['spark', 'r', 'python', 'airflow', 'hadoop']",5,217791.5
data scientist,senior,hybrid,company_008,"Bengaluru, Karnataka, India . Hybrid",14 days ago,"San Jose, CA, US",Technology,Public,"34,660",€81.86B,"€32,875 - €47,285","['sql', 'machine learning', 'python']",14,40080
data scientist,Not Specified,on-site,company_445,On-site,14 days ago,"Ventura, CA, US",Technology,Public,"2,270",Public,"€155,610 - €207,329",[],14,181469.5
data scientist,senior,Unknown,company_931,"London, England, United Kingdom",14 days ago,"Seattle, WA, US",Technology,Public,"26,090",Public,"€78,110","['r', 'python', 'sql', 'hadoop', 'machine learning', 'tableau']",14,78110
data scientist,senior,on-site,company_288,"Chantilly, VA . On-site",8 days ago,"Reston, VA, US",Technology,Public,"26,020",€62.74B,"€114,169","['amazon', 'aws', 'python']",8,114169
data scientist,midlevel,hybrid,company_257,"Washington, DC . Hybrid",14 days ago,"Foster City, CA, US",Finance,Public,"21,030",€383.10B,"€106,410 - €164,863","['spark', 'hadoop', 'sql', 'python']",14,135636.5
data scientist,senior,on-site,company_134,"Bellevue, WA",6 days ago,"Seattle, WA, US",Retail,Public,"865,416",€833.06B,"€117,828 - €219,207","['amazon', 'r', 'python', 'sql', 'machine learning']",6,168517.5
data scientist,senior,Unknown,company_911,"Jacksonville, FL",6 days ago,"New York, NY, US",Technology,Public,"5,010",Public,"€38,945","['pytorch', 'spark', 'python', 'sql', 'machine learning']",6,38945
data scientist,senior,on-site,company_291,"Bengaluru East, Karnataka, India",14 days ago,"Bengaluru, KA, IN",Technology,Public,"261,060",€70.98B,"€9,586","['sql', 'machine learning', 'r', 'python']",14,9586
data scientist,senior,Unknown,company_042,Spain,7 days ago,"Boston, MA, US",Technology,Public,990,Public,"€54,805","['pandas', 'python', 'docker', 'airflow', 'sql', 'gcp', 'machine learning']",7,54805
data scientist,lead,Unknown,company_270,"Albany, NY",a month ago,"Woonsocket, RI, US",Healthcare,Public,"300,010",€121.42B,"€131,704 - €263,406","['sql', 'machine learning', 'python']",,197555
data scientist,senior,on-site,company_149,"Mason, OH",7 days ago,"Cincinnati, OH, US",Manufacturing,Public,"101,040",€305.27B,"€77,642 - €105,041","['aws', 'machine learning', 'r', 'azure']",7,91341.5
data scientist,junior,Unknown,company_047,"Bengaluru, Karnataka, India",a month ago,"Bengaluru, KA, IN",Technology,Public,"222,050",€24.21B,"€10,049","['deep learning', 'machine learning']",,10049
data scientist,senior,on-site,company_490,"Overland Park, KS . Bellevue, WA",3 months ago,"Bellevue, WA, US",Technology,Public,"83,550",Public,"€116,364 - €209,888","['spark', 'r', 'python', 'sql', 'machine learning', 'database', 'hadoop', 'deep learning']",3,163126
data scientist,senior,on-site,company_310,"Homestead, FL",a month ago,"Arlington, VA, US",Technology,Public,"20,010",Public,"€63,118 - €129,242","['sql', 'machine learning', 'r', 'python']",,96180
data scientist,senior,remote,company_223,"Raleigh, NC",a month ago,"New York, NY, US",Technology,Public,"10,070",Public,"€99,560","['pandas', 'numpy', 'pytorch', 'spark', 'scikit-learn', 'python', 'scala', 'java', 'sql', 'machine learning', 'keras', 'deep learning', 'tensorflow']",,99560
data scientist,midlevel,Unknown,company_233,"McLean, VA",a month ago,"Reston, VA, US",Technology,Public,"27,390",Public,"€95,585 - €172,784","['aws', 'git', 'python', 'sql', 'database', 'machine learning', 'matplotlib', 'tensorflow', 'tableau']",,134184.5
data scientist,senior,remote,company_223,"Raleigh, NC . Fully Remote",a month ago,"New York, NY, US",Technology,Public,"10,020",Public,"€99,554","['spark', 'python', 'machine learning', 'hadoop', 'deep learning']",,99554
data scientist,senior,remote,company_421,Mexico City Metropolitan Area,5 days ago,"Cheyenne, WY, US",Technology,Unknown,Private,Not Mentioned,"€7,678","['pandas', 'numpy', 'python', 'sklearn', 'machine learning', 'matplotlib']",5,7678
data scientist,senior,on-site,company_233,"Bethesda, MD . On-site",a month ago,"Reston, VA, US",Technology,Public,"27,400",Public,"€77,773 - €140,587","['amazon', 'aws', 'git', 'r', 'python', 'docker', 'sql', 'kubernetes', 'hadoop']",,109180
data scientist,senior,on-site,company_916,United States,7 days ago,"Columbus, OH, US",Technology,Public,"1,300",Public,"€115,088 - €143,858","['aws', 'git', 'r', 'python', 'sql', 'machine learning']",7,129473
data scientist,senior,on-site,company_392,"Cincinnati, OH",a month ago,"Jacksonville, FL, US",Finance,Public,"62,040",€35.42B,"€161,759 - €271,723","['spark', 'sql', 'machine learning', 'python']",,216741
data scientist,midlevel,Unknown,company_941,"Pune, Maharashtra, India",14 days ago,"Dublin, IE",Technology,Public,"492,235",€152.95B,"€12,730 - €26,190","['r', 'python', 'java', 'sql', 'database', 'machine learning']",14,19460
data scientist,senior,remote,company_625,Fully Remote,6 months ago,"San Francisco, CA, US",Energy,Private,90,Private,"€168,968 - €210,068",[],6,189518
machine learning engineer,senior,Unknown,company_941,"Bengaluru, Karnataka, India",14 days ago,"Dublin, IE",Technology,Public,"492,235",€153.20B,"€10,525 - €26,186","['sql', 'python']",14,18355.5
data scientist,Not Specified,on-site,company_096,"San Francisco, California, United States . On-site",a month ago,"San Francisco, CA, US",Finance,Private,950,€11.58B,"€138,831 - €173,538",[],,156184.5
data scientist,senior,Unknown,company_375,"Singapore, Singapore",5 days ago,"Singapore, SG",Technology,Public,"36,130",Public,"€104,657 - €128,182","['spark', 'aws', 'git', 'python', 'sql', 'gcp', 'deep learning', 'azure', 'tensorflow']",5,116419.5
data scientist,senior,Unknown,company_985,"Madrid, Community of Madrid, Spain",13 days ago,"Chicago, IL, US",Finance,Private,"312,010",Private,"€28,046",[],13,28046
data scientist,senior,on-site,company_251,"Augusta, GA",14 days ago,"Roseland, NJ, US",Technology,Public,"65,140",Public,"€58,366 - €156,348","['aws', 'powerbi', 'r', 'python', 'sql', 'machine learning', 'tableau']",14,107357
data scientist,senior,on-site,company_273,"Redmond, WA",16 days ago,"Menlo Park, CA, US",Technology,Public,"94,580",€230.42B,"€132,436 - €186,322","['sql', 'machine learning', 'r', 'python']",16,159379
data scientist,senior,remote,company_969,"San Jose, California, United States . Fully Remote",15 days ago,"Purchase, NY, US",Healthcare,Public,"4,560",Public,"€155,267 - €182,667",[],15,168967
data scientist,senior,on-site,company_003,"Sunnyvale, CA",16 days ago,"Bentonville, AR, US",Retail,Public,€352.44B,Public,"€130,608 - €261,214","['spark', 'r', 'python', 'scala', 'sql', 'machine learning', 'tensorflow']",16,195911
data scientist,senior,on-site,company_316,"Noida, Uttar Pradesh, India",21 days ago,"Eden Prairie, MN, US",Healthcare,Public,"37,990",Public,"€29,800 - €32,904","['pytorch', 'aws', 'git', 'r', 'python', 'docker', 'scikit-learn', 'deep learning', 'machine learning', 'gcp', 'kubernetes', 'keras', 'azure', 'tensorflow']",21,31352
data scientist,lead,Unknown,company_244,"Bengaluru, Karnataka, India",15 days ago,"New York, NY, US",Finance,Public,"290,740",€350.02B,"€27,555 - €43,659","['sql', 'aws', 'tableau']",15,35607
data scientist,senior,Unknown,company_844,"Mountain View, CA",a month ago,"Mountain View, CA, US",Technology,Public,"17,050",€94.39B,"€173,536","['sql', 'machine learning', 'tableau', 'python']",,173536
data scientist,senior,on-site,company_310,Antwerp Metropolitan Area,2 days ago,"Arlington, VA, US",Technology,Public,"20,020",Public,"€99,006","['machine learning', 'database']",2,99006
data scientist,senior,on-site,company_992,"San Francisco, CA",14 days ago,"Sydney, NSW, AU",Technology,Public,"6,030",€28.17B,"€211,535 - €282,044","['tableau', 'sql', 'r', 'python']",14,246789.5
data scientist,senior,on-site,company_860,"Mountain View, California . On-site",18 hours ago,"San Francisco, CA, US",Technology,Private,"2,270",€35.16B,"€209,476",[],18,209476
data scientist,junior,hybrid,company_083,"Valladolid, Castilla and Leon, Spain . Sevilla La Nueva, Community of Madrid, Spain . Hybrid",15 days ago,"Paris, IDF, FR",Technology,Private,"263,590",€25.21B,"€32,159","['pandas', 'numpy', 'aws', 'r', 'python', 'scikit-learn', 'machine learning', 'gcp', 'deep learning', 'azure', 'matplotlib']",15,32159
machine learning engineer,lead,on-site,company_244,"New York, NY . On-site",a month ago,"New York, NY, US",Finance,Public,"290,790",€350.27B,"€200,933","['pandas', 'numpy', 'pytorch', 'scikit-learn', 'machine learning', 'deep learning', 'tensorflow']",,200933
data scientist,senior,Unknown,company_844,"San Diego, CA",14 days ago,"Mountain View, CA, US",Technology,Public,"17,040",€94.49B,"€168,966","['pandas', 'numpy', 'git', 'scikit-learn', 'python', 'linux', 'sql', 'machine learning', 'tableau']",14,168966
data scientist,senior,Unknown,company_967,Greater Hyderabad Area,10 days ago,"San Diego, CA, US",Technology,Private,950,Private,"€2,283,322","['azure', 'python']",10,2283322
data engineer,senior,on-site,company_134,"North Reading, MA",2 days ago,"Seattle, WA, US",Retail,Public,"865,456",€832.91B,"€117,826 - €219,205","['amazon', 'spark', 'python', 'scala', 'sql', 'hadoop', 'machine learning']",2,168515.5
data scientist,lead,on-site,company_273,"Menlo Park, CA",18 days ago,"Menlo Park, CA, US",Technology,Public,"94,590",€230.42B,"€231,077 - €286,790",['machine learning'],18,258933.5
data scientist,midlevel,remote,company_421,"Belize City, Belize, Belize . Fully Remote",14 days ago,"Cheyenne, WY, US",Technology,Unknown,Private,Not Mentioned,"€25,214","['sql', 'machine learning', 'python']",14,25214
data scientist,senior,hybrid,company_008,"Chicago, IL . Hybrid",2 months ago,"San Jose, CA, US",Technology,Public,"34,630",€81.66B,"€112,801 - €194,406","['sql', 'machine learning', 'tableau', 'python']",2,153603.5
data scientist,senior,hybrid,company_983,"Norco, CA . Hybrid",7 days ago,"McLean, VA, US",Technology,Public,"27,040",Public,"€90,420 - €205,499","['pytorch', 'aws', 'scikit-learn', 'python', 'machine learning', 'azure', 'tensorflow']",7,147959.5
machine learning engineer,junior,Unknown,company_941,"Bengaluru, Karnataka, India",17 days ago,"Dublin, IE",Technology,Public,"492,225",€153.30B,"€10,524 - €26,185",['machine learning'],17,18354.5
data scientist,lead,Unknown,company_980,"Bengaluru, Karnataka, India",7 days ago,"Minneapolis, MN, US",Retail,Public,"409,030",€66.89B,"€31,966 - €58,197","['spark', 'machine learning', 'git', 'python']",7,45081.5
data scientist,senior,on-site,company_288,"North Las Vegas, NV . On-site",7 days ago,"Reston, VA, US",Technology,Public,"26,050",€62.99B,"€114,170",['machine learning'],7,114170
data scientist,senior,on-site,company_355,"Denver, CO",a month ago,"San Francisco, CA, US",Technology,Public,"65,860",€130.79B,"€183,400 - €252,173","['spark', 'r', 'python', 'airflow', 'hadoop']",,217786.5
data scientist,senior,on-site,company_555,"Boston, MA",4 days ago,"Boston, MA, US",Finance,Public,"3,070",Public,"€141,567","['kubernetes', 'machine learning', 'python']",4,141567
data scientist,senior,Unknown,company_993,"Bengaluru, Karnataka, India",11 days ago,"Chennai, TN, IN",Technology,Private,590,Private,"€23,243","['aws', 'machine learning', 'python']",11,23243
data scientist,senior,on-site,company_158,"McLean, VA . 미국 버지니아 McLean",a month ago,"Falls Church, VA, US",Technology,Private,"21,640",Private,"€147,509 - €199,569","['python', 'database', 'linux', 'sql', 'kubernetes', 'keras', 'machine learning', 'tensorflow']",,173539
data scientist,midlevel,Unknown,company_889,"Brooklyn, NY",6 days ago,"NY, US",Energy,Public,"6,190",Public,"€108,695 - €141,574","['tableau', 'sql', 'r', 'python']",6,125134.5
machine learning engineer,midlevel,Unknown,company_941,"Bengaluru, Karnataka, India",14 days ago,"Dublin, IE",Technology,Public,"492,255",€153.15B,"€10,524 - €26,185","['azure', 'machine learning', 'python']",14,18354.5
data scientist,senior,on-site,company_410,On-site,4 months ago,"San Francisco, CA, US",Technology,Private,320,Private,"€28,127",[],4,28127
data scientist,senior,on-site,company_316,"Dublin, County Dublin, Ireland",14 days ago,"Eden Prairie, MN, US",Healthcare,Public,"37,950",Public,"€67,978 - €93,603","['sql', 'azure', 'machine learning', 'python']",14,80790.5
data scientist,senior,on-site,company_273,"Washington, DC",18 days ago,"Menlo Park, CA, US",Technology,Public,"94,570",€230.52B,"€132,441 - €186,327","['sql', 'machine learning', 'r', 'python']",18,159384
data scientist,senior,on-site,company_273,"Austin, TX",18 days ago,"Menlo Park, CA, US",Technology,Public,"94,530",€230.57B,"€132,434 - €186,320","['sql', 'machine learning', 'r', 'python']",18,159377
data engineer,senior,on-site,company_134,"Seattle, WA",21 days ago,"Seattle, WA, US",Retail,Public,"865,456",€832.81B,"€109,603 - €219,202","['amazon', 'aws']",21,164402.5
data scientist,senior,Unknown,company_207,"Singapore, Singapore . シンガポール シンガポール",a month ago,"Boise, ID, US",Technology,Public,"40,060",€55.44B,"€43,549 - €48,973","['java', 'sql', 'git', 'python']",,46261
data scientist,senior,Unknown,company_134,"Bengaluru, Karnataka, India . Gurugram, Haryana, India . Hyderabad, Telangana, India",a month ago,"Seattle, WA, US",Retail,Public,"865,446",€833.06B,"€68,388 - €109,537","['amazon', 'spark', 'r', 'python', 'sql', 'machine learning', 'hadoop', 'deep learning']",,88962.5
data scientist,senior,on-site,company_134,"New York, NY",a month ago,"Seattle, WA, US",Retail,Public,"865,416",€833.01B,"€146,134 - €164,401","['amazon', 'r', 'python', 'neural network', 'sql', 'machine learning', 'deep learning']",,155267.5
machine learning engineer,senior,Unknown,company_291,"Bengaluru East, Karnataka, India",21 days ago,"Bengaluru, KA, IN",Technology,Public,"261,050",€71.08B,"€9,584","['deep learning', 'aws', 'machine learning', 'azure']",21,9584
machine learning engineer,senior,on-site,company_883,"Bengaluru, Karnataka, India",10 days ago,"Walldorf, BW, DE",Technology,Public,"117,790",€104.06B,"€19,599","['git', 'docker', 'java', 'sql', 'database']",10,19599
data scientist,senior,hybrid,company_214,"Washington, DC . Hybrid",14 days ago,"Montréal, QC, CA",Technology,Public,"57,270",€17.10B,"€105,769","['r', 'python', 'sql', 'machine learning', 'matplotlib', 'tableau']",14,105769
data scientist,senior,Unknown,company_980,"Bengaluru, Karnataka, India",21 days ago,"Minneapolis, MN, US",Retail,Public,"409,070",€66.94B,"€31,967 - €58,198","['spark', 'python', 'sql', 'machine learning', 'deep learning']",21,45082.5
data scientist,lead,on-site,company_395,"Chicago, IL",21 days ago,"McLean, VA, US",Retail,Public,"55,150",€36.28B,"€262,859 - €300,031","['aws', 'r', 'python', 'scala', 'machine learning', 'database', 'deep learning']",21,281445
data scientist,junior,hybrid,company_008,"Austin, TX . Chicago, IL . Hybrid",a month ago,"San Jose, CA, US",Technology,Public,"34,690",€81.71B,"€112,804 - €194,409","['sql', 'database']",,153606.5
data scientist,midlevel,hybrid,company_983,"Washington, DC . Hybrid",14 days ago,"McLean, VA, US",Technology,Public,"27,040",Public,"€70,880 - €160,751","['sql', 'machine learning', 'python']",14,115815.5
data scientist,senior,on-site,company_489,"Toronto, Ontario, Canada",14 days ago,"Chicago, IL, US",Manufacturing,Public,"18,900",Public,"€91,610 - €114,535","['spark', 'machine learning', 'r', 'python']",14,103072.5
data scientist,lead,on-site,company_244,"Columbus, OH . On-site",a month ago,"New York, NY, US",Finance,Public,"290,750",€350.17B,"€155,271","['sql', 'machine learning', 'tableau', 'python']",,155271
data scientist,senior,on-site,company_445,On-site,20 hours ago,"Ventura, CA, US",Technology,Public,"2,270",Public,"€94,259 - €172,805",[],20,133532
data scientist,lead,Unknown,company_270,"Wellesley Hills, MA",14 days ago,"Woonsocket, RI, US",Healthcare,Public,"300,020",€121.27B,"€131,704 - €263,406","['sql', 'r', 'python']",14,197555
data scientist,midlevel,on-site,company_316,"Noida, Uttar Pradesh, India",6 days ago,"Eden Prairie, MN, US",Healthcare,Public,"37,940",Public,"€18,195","['r', 'python', 'sql', 'hadoop', 'machine learning']",6,18195
data scientist,senior,Unknown,company_250,"Birmingham, MI",a month ago,"Paris, FR",Healthcare,Private,"76,060",Private,"€69,597 - €86,951","['pandas', 'aws', 'scikit-learn', 'python', 'sql', 'machine learning', 'gcp', 'azure']",,78274
machine learning engineer,senior,Unknown,company_941,"Bengaluru, Karnataka, India",14 days ago,"Dublin, IE",Technology,Public,"492,225",€153.30B,"€10,525 - €26,186","['azure', 'machine learning', 'python']",14,18355.5
data scientist,senior,on-site,company_310,"Doral, FL",2 days ago,"Arlington, VA, US",Technology,Public,"20,010",Public,"€63,112 - €129,236","['r', 'python', 'sql', 'machine learning', 'tableau']",2,96174
data scientist,senior,Unknown,company_763,"Gurugram, Haryana, India . Hyderabad, Telangana, India",6 days ago,"New York, NY, US",Technology,Public,"26,640",Public,"€18,678","['pytorch', 'aws', 'git', 'python', 'java', 'gcp', 'azure', 'tensorflow']",6,18678
data scientist,lead,Unknown,company_993,"Bengaluru, Karnataka, India",7 days ago,"Chennai, TN, IN",Technology,Private,590,Private,"€23,240","['pytorch', 'aws', 'python', 'docker', 'machine learning', 'gcp', 'deep learning', 'azure', 'tensorflow']",7,23240
data scientist,junior,hybrid,company_313,"Toronto, Ontario, Canada . Markham, Ontario, Canada . Hybrid",14 days ago,"London, GB",Finance,Public,"29,530",Public,"€73,455",['python'],14,73455
machine learning engineer,senior,hybrid,company_233,"San Diego, CA . Hybrid",a month ago,"Reston, VA, US",Technology,Public,"27,390",Public,"€115,179 - €208,201",['r'],,161690
data scientist,senior,Unknown,company_223,"London, England, United Kingdom",a month ago,"New York, NY, US",Technology,Public,"10,030",Public,"€76,372","['powerbi', 'python', 'sql', 'machine learning', 'tableau']",,76372
machine learning engineer,senior,Unknown,company_106,"Pune, Maharashtra, India",4 days ago,"København, DK",Logistics,Private,"38,120",€34.27B,"€26,752","['spark', 'aws', 'powerbi', 'python', 'docker', 'sql', 'machine learning', 'gcp', 'kubernetes', 'deep learning', 'azure']",4,26752
data scientist,Not Specified,on-site,company_888,On-site,5 days ago,"London, GB",Technology,Private,600,Private,"€112,341",[],5,112341
data scientist,senior,on-site,company_917,"Mountain View, CA . New York, NY . San Bruno, CA",14 days ago,"Mountain View, CA, US",Technology,Public,"258,800",€1.39T,"€179,934 - €265,787","['sql', 'r', 'python']",14,222860.5
data scientist,lead,on-site,company_395,"Richmond, VA",a month ago,"McLean, VA, US",Retail,Public,"55,140",€36.08B,"€192,716 - €219,933","['spark', 'aws', 'r', 'python', 'scala', 'database', 'sql', 'machine learning', 'kubernetes', 'deep learning']",,206324.5
data scientist,senior,hybrid,company_983,"Fort Meade, MD . Hybrid",23 days ago,"McLean, VA, US",Technology,Public,"27,070",Public,"€90,424 - €205,503","['machine learning', 'python']",23,147963.5
data scientist,senior,on-site,company_003,"Sunnyvale, CA",18 days ago,"Bentonville, AR, US",Retail,Public,€352.44B,Public,"€130,611 - €261,217","['pytorch', 'spark', 'r', 'python', 'scala', 'java', 'machine learning', 'deep learning', 'tensorflow']",18,195914
data scientist,senior,Unknown,company_212,"Bengaluru, Karnataka, India",a month ago,"Boston, MA, US",Technology,Public,"222,500",Public,"€17,919","['pytorch', 'spark', 'aws', 'python', 'sql', 'machine learning', 'gcp', 'hadoop', 'azure', 'tensorflow']",,17919
data scientist,senior,Unknown,company_134,"Gurugram, Haryana, India . Bengaluru, Karnataka, India . Hyderabad, Telangana, India . Gurgaon, Haryana, India . Gurgaon, Haryana, Inde + 1 More",a month ago,"Seattle, WA, US",Retail,Public,"865,476",€833.01B,"€51,263 - €109,545","['amazon', 'spark', 'r', 'python', 'sql', 'machine learning', 'hadoop', 'deep learning']",,80404
data scientist,senior,hybrid,company_183,"Tallinn, Harjumaa, Estonia . Hybrid",a month ago,"Tallinn, EE",Technology,Private,"3,790",Private,"€61,775","['pandas', 'numpy', 'spark', 'aws', 'scikit-learn', 'python', 'docker', 'airflow', 'machine learning', 'deep learning']",,61775
data scientist,senior,Unknown,company_993,"Bengaluru, Karnataka, India",a month ago,"Chennai, TN, IN",Technology,Private,590,Private,"€23,238","['pytorch', 'aws', 'python', 'docker', 'machine learning', 'gcp', 'deep learning', 'azure', 'tensorflow']",,23238
machine learning engineer,lead,on-site,company_244,"Seattle, WA . On-site",22 days ago,"New York, NY, US",Finance,Public,"290,760",€350.07B,"€196,372","['pandas', 'numpy', 'pytorch', 'scikit-learn', 'machine learning', 'deep learning', 'tensorflow']",22,196372
data scientist,senior,Unknown,company_614,Ukraine,7 days ago,"Austin, TX, US",Technology,Private,"10,210",Private,"€65,766","['amazon', 'deep learning', 'machine learning', 'python']",7,65766
data scientist,senior,Unknown,company_171,"Bengaluru, Karnataka, India",20 days ago,"Armonk, NY, US",Technology,Public,"524,588",€119.33B,"€33,047 - €52,697","['database', 'machine learning', 'java']",20,42872
data scientist,midlevel,hybrid,company_357,"Irving, TX . Basking Ridge, NJ . Ashburn, VA . Hybrid",14 days ago,"Basking Ridge, NJ, US",Technology,Public,"132,030",€142.18B,"€115,081",[],14,115081
machine learning engineer,midlevel,Unknown,company_941,"Bengaluru, Karnataka, India",14 days ago,"Dublin, IE",Technology,Public,"492,205",€153.20B,"€10,526 - €26,187","['sql', 'python']",14,18356.5
data scientist,Not Specified,hybrid,company_851,"Chicago, Illinois, United States . Hybrid",2 months ago,"Edison, NJ, US",Technology,Private,"3,560",Private,"€127,872 - €137,005",[],2,132438.5
data scientist,senior,on-site,company_395,"San Jose, CA",15 days ago,"McLean, VA, US",Retail,Public,"55,140",€36.03B,"€158,011 - €180,296","['pytorch', 'aws', 'database', 'machine learning', 'tensorflow']",15,169153.5
data scientist,Not Specified,remote,company_415,Fully Remote,5 days ago,"New York, NY, US",Technology,Private,900,€4.60B,"€164,405",[],5,164405
data scientist,senior,Unknown,company_233,"Tampa, FL",7 days ago,"Reston, VA, US",Technology,Public,"27,420",Public,"€77,776 - €140,590","['pytorch', 'aws', 'r', 'python', 'docker', 'scikit-learn', 'sql', 'machine learning', 'gcp', 'kubernetes', 'deep learning', 'azure', 'matplotlib', 'tensorflow', 'tableau']",7,109183
data scientist,senior,on-site,company_310,"Annapolis Junction, MD",a month ago,"Arlington, VA, US",Technology,Public,"20,030",Public,"€66,405 - €136,274","['sql', 'machine learning', 'r', 'python']",,101339.5
data scientist,lead,Unknown,company_244,"Bengaluru, Karnataka, India",7 days ago,"New York, NY, US",Finance,Public,"290,770",€350.37B,"€27,553 - €43,657","['machine learning', 'python']",7,35605
data scientist,senior,Unknown,company_917,"Zurich, Zurich, Switzerland",5 days ago,"Mountain View, CA, US",Technology,Public,"258,810",€1.44T,"€148,524 - €185,955",[],5,167239.5
data scientist,lead,on-site,company_041,"South San Francisco, CA",16 days ago,"BS, CH",Healthcare,Public,"93,570",€246.93B,"€159,837","['pytorch', 'aws', 'machine learning', 'gcp', 'azure', 'tensorflow']",16,159837
data scientist,midlevel,remote,company_421,"San Salvador, San Salvador, El Salvador . Fully Remote",14 days ago,"Cheyenne, WY, US",Technology,Unknown,Private,Not Mentioned,"€25,213","['sql', 'machine learning', 'python']",14,25213
data scientist,lead,Unknown,company_366,"Columbia, MD",a month ago,"Columbia, MD, US",Technology,Private,180,Private,"€100,474 - €146,140","['pytorch', 'spark', 'aws', 'r', 'python', 'scikit-learn', 'scala', 'sql', 'machine learning', 'gcp', 'azure', 'tensorflow']",,123307
data scientist,senior,on-site,company_937,"Atlanta, GA",2 months ago,"Atlanta, GA, US",Retail,Public,"500,010",Public,"€116,908","['sql', 'tableau', 'python']",2,116908
data scientist,senior,hybrid,company_848,"Cambridge, MA . Hybrid",14 days ago,"Basel, BS, CH",Healthcare,Public,"107,730",€161.15B,"€120,837 - €224,408","['r', 'python']",14,172622.5
data scientist,senior,hybrid,company_980,"Brooklyn Park, MN . Hybrid",21 days ago,"Minneapolis, MN, US",Retail,Public,"409,060",€66.99B,"€86,769 - €156,182","['python', 'scala', 'sql', 'machine learning', 'hadoop', 'deep learning']",21,121475.5
data scientist,Not Specified,hybrid,company_851,"Chennai, Tamil Nadu, India . Hybrid",2 months ago,"Edison, NJ, US",Technology,Private,"3,520",Private,"€34,569",[],2,34569
data scientist,senior,on-site,company_003,"Bentonville, AR",16 days ago,"Bentonville, AR, US",Retail,Public,€352.44B,Public,"€98,645 - €197,284","['spark', 'r', 'python', 'scala', 'sql', 'machine learning', 'tensorflow']",16,147964.5
data scientist,senior,on-site,company_985,"Málaga, Andalusia, Spain",7 days ago,"Chicago, IL, US",Finance,Private,"312,060",Private,"€28,046","['pandas', 'numpy', 'python', 'machine learning', 'azure']",7,28046
data scientist,senior,hybrid,company_994,"Malvern, PA . Hybrid",4 days ago,"Malvern, PA, US",Finance,Private,"20,600",Private,"€115,087 - €127,874",['machine learning'],4,121480.5
machine learning engineer,lead,on-site,company_244,"New York, NY . On-site",a month ago,"New York, NY, US",Finance,Public,"290,740",€350.12B,"€164,408","['pandas', 'numpy', 'pytorch', 'scikit-learn', 'machine learning', 'deep learning', 'tensorflow']",,164408
machine learning engineer,junior,on-site,company_881,"San Jose, CA",8 months ago,CN,Technology,Private,"110,010",€128.22B,"€132,436 - €228,335","['pytorch', 'python', 'neural network', 'machine learning', 'deep learning', 'tensorflow']",8,180385.5
data scientist,senior,on-site,company_917,"Sunnyvale, CA",14 days ago,"Mountain View, CA, US",Technology,Public,"258,790",€1.44T,"€207,334 - €292,273","['sql', 'r', 'python']",14,249803.5
data scientist,senior,on-site,company_392,"Massachusetts, United States . Massachusetts, Amerika Syarikat",a month ago,"Jacksonville, FL, US",Finance,Public,"62,030",€35.07B,"€157,012 - €263,789","['spark', 'aws', 'python', 'sql', 'machine learning', 'gcp', 'azure']",,210400.5
data scientist,senior,hybrid,company_872,"Alpharetta, GA . Hybrid",7 days ago,"Atlanta, GA, US",Finance,Public,"11,060",€18.63B,"€94,080",['machine learning'],7,94080
machine learning engineer,midlevel,Unknown,company_941,"Bengaluru, Karnataka, India",14 days ago,"Dublin, IE",Technology,Public,"492,205",€153.25B,"€10,529 - €26,190","['pytorch', 'aws', 'python', 'docker', 'machine learning', 'azure', 'tensorflow']",14,18359.5
data scientist,senior,hybrid,company_922,"Hartford, CT . Chicago, IL . Columbus, OH . Charlotte, NC . Columbus, Ohio, United States + 1 More . Hybrid",2 months ago,"Hartford, CT, US",Finance,Public,"18,170",€21.70B,"€101,126 - €151,688","['pandas', 'git', 'python', 'sql', 'matplotlib']",2,126407
machine learning engineer,senior,on-site,company_931,"Seattle, WA",14 days ago,"Seattle, WA, US",Technology,Public,"26,050",Public,"€252,999","['scala', 'machine learning', 'python']",14,252999
data scientist,senior,remote,company_832,"California, United States",8 days ago,"Renton, WA, US",Healthcare,Unknown,"120,050",Nonprofit,"€159,841","['r', 'python', 'scala', 'sql', 'machine learning', 'database', 'azure', 'tableau']",8,159841
data scientist,senior,hybrid,company_081,"New York, NY . Hybrid",7 days ago,"San Francisco, CA, US",Technology,Public,"5,030",€4.47B,"€135,178 - €168,971",[],7,152074.5
data scientist,senior,hybrid,company_291,"Alpharetta, GA . Hybrid",7 days ago,"Bengaluru, KA, IN",Technology,Public,"261,070",€71.33B,"€85,860 - €150,249","['pytorch', 'spark', 'aws', 'r', 'python', 'scala', 'java', 'sql', 'machine learning', 'gcp', 'deep learning', 'azure', 'tensorflow', 'tableau']",7,118054.5
data scientist,lead,Unknown,company_268,"Singapore, Singapore",20 days ago,"Singapore, SG",Finance,Public,"30,840",Public,"€67,039","['spark', 'git', 'python', 'sql', 'machine learning', 'hadoop', 'deep learning']",20,67039
machine learning engineer,senior,on-site,company_883,"Newport Beach, CA",19 days ago,"Walldorf, BW, DE",Technology,Public,"117,760",€104.21B,"€114,169 - €127,869","['pytorch', 'machine learning', 'database', 'deep learning', 'tensorflow']",19,121019
data scientist,senior,on-site,company_134,"Seattle, WA . Santa Clara, CA",11 days ago,"Seattle, WA, US",Retail,Public,"865,476",€832.76B,"€149,803 - €168,061","['amazon', 'aws', 'r', 'python', 'sql', 'machine learning', 'tableau']",11,158932
data scientist,senior,hybrid,company_357,"Irving, TX . Lake Mary, FL . Basking Ridge, NJ . Boston, MA . Hybrid",6 days ago,"Basking Ridge, NJ, US",Technology,Public,"132,040",€142.23B,"€73,984","['pandas', 'numpy', 'pytorch', 'spark', 'r', 'python', 'java', 'sklearn', 'sql', 'machine learning', 'keras', 'deep learning', 'matplotlib', 'tensorflow', 'tableau']",6,73984
data scientist,senior,Unknown,company_931,"Bengaluru, Karnataka, India",13 days ago,"Seattle, WA, US",Technology,Public,"26,090",Public,"€32,733","['sql', 'tableau', 'python']",13,32733
data scientist,senior,remote,company_236,Canada . Fully Remote,14 days ago,"Miami, FL, US",Technology,Private,30,Private,"€137,004 - €155,270","['sql', 'machine learning', 'tableau', 'python']",14,146137
data scientist,senior,on-site,company_233,"Bethesda, MD . On-site",a month ago,"Reston, VA, US",Technology,Public,"27,410",Public,"€95,587 - €172,786","['amazon', 'aws', 'git', 'r', 'python', 'docker', 'sql', 'kubernetes', 'hadoop']",,134186.5
data scientist,midlevel,on-site,company_316,"Noida, Uttar Pradesh, India",7 days ago,"Eden Prairie, MN, US",Healthcare,Public,"37,950",Public,"€18,199","['spark', 'python', 'sql', 'machine learning', 'deep learning']",7,18199
data scientist,senior,Unknown,company_878,"Noida, Uttar Pradesh, India . Bengaluru, Karnataka, India",16 days ago,"San Jose, CA, US",Technology,Public,"21,300",€144.67B,"€29,932 - €37,411","['pandas', 'numpy', 'pytorch', 'spark', 'aws', 'python', 'scala', 'sql', 'hadoop', 'machine learning', 'keras', 'azure']",16,33671.5
data scientist,senior,hybrid,company_781,"Greenwood Village, CO . Hybrid",9 days ago,"Stamford, CT, US",Technology,Public,"96,040",Public,"€80,559","['pytorch', 'aws', 'python', 'sql', 'machine learning', 'hadoop', 'azure', 'tensorflow']",9,80559
data scientist,senior,on-site,company_021,On-site,2 days ago,"San Francisco, CA, US",Technology,Public,"5,570",€60.91B,"€189,974",[],2,189974
data scientist,senior,on-site,company_288,"Chantilly, VA . On-site",a month ago,"Reston, VA, US",Technology,Public,"26,040",€63.09B,"€114,169","['aws', 'azure']",,114169
data scientist,midlevel,remote,company_421,"Quito, Pichincha, Ecuador . Fully Remote",14 days ago,"Cheyenne, WY, US",Technology,Unknown,Private,Not Mentioned,"€25,216","['sql', 'machine learning', 'python']",14,25216
data scientist,midlevel,remote,company_421,"Podgorica, Montenegro . Fully Remote",14 days ago,"Cheyenne, WY, US",Technology,Unknown,Private,Not Mentioned,"€25,212","['sql', 'machine learning', 'python']",14,25212
data scientist,senior,hybrid,company_983,"Hickam Village, HI . Hybrid",14 days ago,"McLean, VA, US",Technology,Public,"27,020",Public,"€90,425 - €205,504","['pandas', 'numpy', 'pytorch', 'spark', 'aws', 'scikit-learn', 'python', 'docker', 'java', 'machine learning', 'gcp', 'kubernetes', 'hadoop', 'azure', 'matplotlib', 'tensorflow']",14,147964.5
data scientist,lead,Unknown,company_366,"Hyderabad, Telangana, India",6 days ago,"Columbia, MD, US",Technology,Private,180,Private,"€19,776","['pandas', 'numpy', 'aws', 'r', 'python', 'machine learning', 'gcp', 'azure']",6,19776
data scientist,senior,on-site,company_992,"San Francisco, CA",7 days ago,"Sydney, NSW, AU",Technology,Public,"6,040",€27.92B,"€184,128 - €240,389","['tableau', 'sql', 'r', 'python']",7,212258.5
data scientist,senior,on-site,company_917,"Mountain View, CA",14 days ago,"Mountain View, CA, US",Technology,Public,"258,800",€1.29T,"€167,139 - €247,512","['sql', 'r', 'python']",14,207325.5
data scientist,senior,hybrid,company_008,"Chennai, Tamil Nadu, India . Hybrid",21 days ago,"San Jose, CA, US",Technology,Public,"34,640",€81.66B,"€33,313 - €42,993","['r', 'python', 'sql', 'gcp', 'machine learning']",21,38153
data scientist,senior,Unknown,company_375,"Singapore, Singapore",2 months ago,"Singapore, SG",Technology,Public,"36,090",Public,"€104,650 - €128,175","['pytorch', 'python', 'scala', 'machine learning', 'deep learning', 'tensorflow']",2,116412.5
data scientist,senior,on-site,company_366,"Hyderabad, Telangana, India",4 days ago,"Columbia, MD, US",Technology,Private,180,Private,"€19,777","['pandas', 'numpy', 'aws', 'r', 'python', 'machine learning', 'gcp', 'azure']",4,19777
data scientist,junior,Unknown,company_269,"Charlotte, NC . New York, NY",23 days ago,"Charlotte, NC, US",Finance,Public,"274,250",€276.77B,"€132,436 - €146,136","['machine learning', 'matplotlib', 'python']",23,139286
data scientist,senior,Unknown,company_250,"New York, NY",3 months ago,"Paris, FR",Healthcare,Private,"76,030",Private,"€66,122 - €99,997","['pandas', 'numpy', 'aws', 'scikit-learn', 'python', 'machine learning', 'azure']",3,83059.5
data scientist,senior,on-site,company_288,"Reston, VA . On-site",a month ago,"Reston, VA, US",Technology,Public,"26,030",€62.74B,"€114,169","['pytorch', 'aws', 'r', 'python', 'scikit-learn', 'sql', 'machine learning', 'tensorflow', 'tableau']",,114169
data scientist,senior,hybrid,company_081,"New York, NY . Hybrid",7 days ago,"San Francisco, CA, US",Technology,Public,"5,030",€4.72B,"€135,177 - €168,970",[],7,152073.5
data scientist,midlevel,hybrid,company_008,"Tondiarpet, Tamil Nadu, India . Bengaluru, Karnataka, India . Hybrid",7 days ago,"San Jose, CA, US",Technology,Public,"34,640",€81.81B,"€24,064 - €45,170","['pytorch', 'scikit-learn', 'python', 'machine learning', 'tensorflow']",7,34617
machine learning engineer,senior,on-site,company_156,"Mountain View, California (HQ) . On-site",7 days ago,"Mountain View, CA, US",Technology,Private,900,€8.10B,"€167,893 - €252,056",[],7,209974.5
data scientist,senior,on-site,company_980,"Bengaluru, Karnataka, India",2 months ago,"Minneapolis, MN, US",Retail,Public,"409,050",€66.89B,"€31,213 - €58,200","['spark', 'machine learning', 'python']",2,44706.5
machine learning engineer,junior,on-site,company_881,"San Jose, CA",14 days ago,CN,Technology,Private,"110,010",€128.02B,"€132,436 - €216,919","['pytorch', 'python', 'machine learning', 'deep learning', 'tensorflow']",14,174677.5
data scientist,senior,hybrid,company_083,"London, England, United Kingdom . Londýn, Anglie, Spojené království . Hybrid",3 months ago,"Paris, IDF, FR",Technology,Private,"263,560",€25.31B,"€73,983","['pytorch', 'aws', 'scikit-learn', 'docker', 'deep learning', 'machine learning', 'kubernetes', 'keras', 'azure', 'tensorflow']",3,73983
data scientist,senior,Unknown,company_134,"North Reading, MA",a month ago,"Seattle, WA, US",Retail,Public,"865,456",€832.91B,"€155,274 - €182,674","['amazon', 'r', 'python', 'sql', 'machine learning']",,168974
data scientist,senior,hybrid,company_183,"Berlin, Berlin, Germany . Hybrid",7 days ago,"Tallinn, EE",Technology,Private,"3,800",Private,"€98,643","['sql', 'r', 'python']",7,98643
data scientist,senior,on-site,company_291,"Atlanta, GA",16 days ago,"Bengaluru, KA, IN",Technology,Public,"261,010",€71.23B,"€85,861 - €150,250","['pytorch', 'spark', 'aws', 'r', 'python', 'scala', 'java', 'sql', 'machine learning', 'gcp', 'deep learning', 'azure', 'tensorflow', 'tableau']",16,118055.5
data scientist,senior,on-site,company_308,"Mountain View, CA",14 days ago,"Redmond, WA, US",Technology,Public,"182,308",€1.73T,"€144,680 - €235,647","['sql', 'python']",14,190163.5
data scientist,senior,Unknown,company_270,"Boston, MA . บอสตัน, รัฐแมสซาชูเซตส์, สหรัฐ",2 months ago,"Woonsocket, RI, US",Healthcare,Public,"300,050",€121.17B,"€131,703 - €263,405","['aws', 'python', 'sql', 'machine learning', 'gcp', 'azure']",2,197554
data scientist,senior,remote,company_038,"Stockholm, Stockholm County, Sweden",7 days ago,"Kista, SE",Technology,Public,"132,000",€17.41B,"€52,506","['spark', 'scikit-learn', 'python', 'scala', 'java', 'machine learning', 'keras', 'deep learning', 'tensorflow']",7,52506
data scientist,senior,Unknown,company_993,"Chennai, Tamil Nadu, India",11 days ago,"Chennai, TN, IN",Technology,Private,590,Private,"€23,239","['aws', 'scikit-learn', 'python', 'machine learning', 'gcp', 'keras', 'deep learning', 'tensorflow']",11,23239
data scientist,Not Specified,remote,company_169,Fully Remote,2 days ago,"San Francisco, CA, US",Technology,Public,"4,110",€7.79B,"€158,829 - €178,648",[],2,168738.5
data scientist,senior,hybrid,company_008,"Bengaluru, Karnataka, India . Hybrid",8 days ago,"San Jose, CA, US",Technology,Public,"34,680",€82.45B,"€33,111 - €47,625",[],8,40368
data scientist,midlevel,hybrid,company_983,"Herndon, VA . Hybrid",8 days ago,"McLean, VA, US",Technology,Public,"27,010",Public,"€71,394 - €161,915","['aws', 'machine learning', 'python']",8,116654.5
data scientist,midlevel,on-site,company_395,"McLean, VA . McLean, Virgínia, Estados Unidos",a month ago,"McLean, VA, US",Retail,Public,"55,090",€36.49B,"€159,156 - €181,602","['spark', 'aws', 'r', 'python', 'scala', 'sql', 'machine learning', 'database', 'deep learning']",,170379
data scientist,senior,on-site,company_003,"Bentonville, AR . On-site",18 days ago,"Bentonville, AR, US",Retail,Public,€354.99B,Public,"€82,797 - €165,590","['spark', 'r', 'python', 'scala', 'sql', 'machine learning', 'tensorflow']",18,124193.5
machine learning engineer,senior,Unknown,company_941,"Bengaluru, Karnataka, India",8 days ago,"Dublin, IE",Technology,Public,"492,205",€154.06B,"€20,441","['aws', 'gcp', 'azure']",8,20441
data scientist,senior,hybrid,company_008,"Scottsdale, AZ . Chicago, IL . Austin, TX . Scottsdale, Arizona, United States . Hybrid",3 months ago,"San Jose, CA, US",Technology,Public,"34,690",€82.10B,"€113,614 - €195,810","['hadoop', 'sql']",3,154712
data scientist,midlevel,hybrid,company_983,"Annapolis Junction, MD . Fort Meade, MD . Hybrid",6 days ago,"McLean, VA, US",Technology,Public,"27,030",Public,"€71,396 - €161,917","['linux', 'machine learning', 'r', 'python']",6,116656.5
data scientist,senior,on-site,company_003,"Sunnyvale, CA",17 days ago,"Bentonville, AR, US",Retail,Public,€354.99B,Public,"€107,637 - €215,269","['numpy', 'pytorch', 'spark', 'r', 'python', 'scikit-learn', 'scala', 'bash', 'java', 'sql', 'machine learning', 'gcp', 'deep learning', 'matplotlib', 'tensorflow']",17,161453
data scientist,senior,on-site,company_003,"Sunnyvale, CA",17 days ago,"Bentonville, AR, US",Retail,Public,€354.99B,Public,"€131,555 - €263,105","['numpy', 'pytorch', 'spark', 'r', 'python', 'scikit-learn', 'scala', 'bash', 'java', 'sql', 'machine learning', 'gcp', 'deep learning', 'matplotlib', 'tensorflow']",17,197330
data scientist,midlevel,on-site,company_917,"Boulder, CO",5 days ago,"Mountain View, CA, US",Technology,Public,"258,780",€1.45T,"€152,711 - €224,466","['sql', 'r', 'python']",5,188588.5
data scientist,senior,on-site,company_134,"Santa Barbara, CA . Bellevue, WA",18 days ago,"Seattle, WA, US",Retail,Public,"865,436",€839.03B,"€160,991","['amazon', 'r', 'python', 'sql', 'tableau']",18,160991
data scientist,senior,on-site,company_134,"Bellevue, WA . New York, United States . Santa Monica, CA",a month ago,"Seattle, WA, US",Retail,Public,"865,466",€838.83B,"€150,883 - €178,472","['amazon', 'aws', 'r', 'python', 'sql', 'machine learning', 'tableau']",,164677.5
machine learning engineer,midlevel,Unknown,company_941,"Bengaluru, Karnataka, India",15 days ago,"Dublin, IE",Technology,Public,"492,195",€154.41B,"€10,605 - €26,380","['sql', 'python']",15,18492.5
data scientist,senior,on-site,company_003,"Sunnyvale, CA",7 days ago,"Bentonville, AR, US",Retail,Public,€354.99B,Public,"€107,641 - €215,273","['pytorch', 'spark', 'r', 'python', 'scala', 'machine learning', 'tensorflow']",7,161457
data scientist,senior,hybrid,company_983,"McLean, VA . Hybrid",a day ago,"McLean, VA, US",Technology,Public,"27,060",Public,"€91,081 - €206,992","['spark', 'python', 'sql', 'hadoop', 'machine learning']",,149036.5
data scientist,midlevel,hybrid,company_395,"Richmond, VA . Hybrid",14 days ago,"McLean, VA, US",Retail,Public,"55,110",€36.64B,"€145,905 - €166,511","['spark', 'aws', 'r', 'python', 'scala', 'sql', 'machine learning', 'database', 'deep learning']",14,156208
data scientist,senior,hybrid,company_008,"San Jose, CA . Hybrid",a month ago,"San Jose, CA, US",Technology,Public,"34,670",€82.45B,"€140,294 - €241,349",[],,190821.5
data scientist,senior,on-site,company_917,"New York, NY . Sunnyvale, CA",15 days ago,"Mountain View, CA, US",Technology,Public,"258,790",€1.20T,"€208,832 - €294,386","['sql', 'r', 'python']",15,251609
data scientist,lead,on-site,company_244,"Plano, TX . Plano, Texas, Spojené státy . On-site",a month ago,"New York, NY, US",Finance,Public,"290,790",€352.75B,"€137,997","['spark', 'aws', 'r', 'python', 'scikit-learn', 'sql', 'machine learning']",,137997
data scientist,senior,Unknown,company_134,"Bengaluru, Karnataka, India",21 days ago,"Seattle, WA, US",Retail,Public,"865,416",€838.78B,"€29,758 - €110,330","['amazon', 'r', 'python', 'sql', 'machine learning']",21,70044
data scientist,midlevel,on-site,company_395,"New York, NY . New York, New York, Statele Unite Ale Americii",a month ago,"McLean, VA, US",Retail,Public,"55,130",€36.34B,"€159,150 - €181,596","['spark', 'aws', 'r', 'python', 'scala', 'sql', 'machine learning', 'database', 'deep learning']",,170373
data scientist,senior,Unknown,company_844,"Atlanta, GA",a month ago,"Mountain View, CA, US",Technology,Public,"17,050",€95.37B,"€174,789","['tableau', 'sql', 'r', 'python']",,174789
data scientist,senior,Unknown,company_083,"Noida, Uttar Pradesh, India",a month ago,"Paris, IDF, FR",Technology,Private,"263,610",€25.44B,"€4,082 - €10,125","['git', 'r', 'python', 'linux', 'sql', 'tableau']",,7103.5
data scientist,senior,on-site,company_941,"Annapolis Junction, MD",25 days ago,"Dublin, IE",Technology,Public,"492,255",€154.26B,"€129,163 - €244,062","['machine learning', 'python']",25,186612.5
data scientist,lead,on-site,company_273,"Bellevue, WA",12 days ago,"Menlo Park, CA, US",Technology,Public,"94,570",€232.09B,"€189,513 - €258,507","['sql', 'machine learning', 'r', 'python']",12,224010
data scientist,lead,Unknown,company_244,"London, England, United Kingdom",8 days ago,"New York, NY, US",Finance,Public,"290,800",€352.90B,"€116,803","['deep learning', 'python']",8,116803
data scientist,senior,on-site,company_003,"Bentonville, AR",15 days ago,"Bentonville, AR, US",Retail,Public,€354.99B,Public,"€101,194 - €202,387","['pytorch', 'spark', 'r', 'python', 'scala', 'opencv', 'machine learning', 'deep learning', 'tensorflow']",15,151790.5
data scientist,senior,Unknown,company_844,"Mountain View, CA",15 days ago,"Mountain View, CA, US",Technology,Public,"17,030",€95.17B,"€170,195","['pandas', 'numpy', 'git', 'scikit-learn', 'python', 'linux', 'sql', 'machine learning', 'tableau']",15,170195
data scientist,senior,Unknown,company_134,"Hyderabad, Telangana, India",a month ago,"Seattle, WA, US",Retail,Public,"865,476",€838.73B,"€44,815 - €99,272","['amazon', 'aws', 'r', 'python', 'scala', 'sql', 'machine learning', 'tableau']",,72043.5
data scientist,lead,on-site,company_273,United States,5 days ago,"Menlo Park, CA, US",Technology,Public,"94,580",€231.89B,"€232,749 - €288,865",['machine learning'],5,260807
machine learning engineer,senior,Unknown,company_941,"Bengaluru, Karnataka, India",8 days ago,"Dublin, IE",Technology,Public,"492,215",€154.11B,"€20,445","['aws', 'gcp', 'azure']",8,20445
data scientist,senior,hybrid,company_003,"Bellevue, WA . Hybrid",15 days ago,"Bentonville, AR, US",Retail,Public,€354.99B,Public,"€143,514 - €287,023","['pytorch', 'aws', 'python', 'docker', 'machine learning', 'gcp', 'kubernetes', 'azure', 'tensorflow']",15,215268.5
machine learning engineer,junior,on-site,company_881,"San Jose, CA",14 days ago,CN,Technology,Private,"110,050",€129.19B,"€126,724 - €218,487","['pytorch', 'python', 'neural network', 'machine learning', 'deep learning', 'tensorflow']",14,172605.5
data scientist,senior,on-site,company_134,"Arlington, VA . West Hollywood, CA . New York, United States . Austin, TX . Palo Alto, CA + 2 More",25 days ago,"Seattle, WA, US",Retail,Public,"865,466",€839.03B,"€160,994 - €178,472","['amazon', 'aws', 'r', 'python', 'scala', 'sql', 'machine learning', 'tableau']",25,169733
data scientist,midlevel,on-site,company_395,"New York, NY",a month ago,"McLean, VA, US",Retail,Public,"55,090",€36.49B,"€159,157 - €181,603","['spark', 'aws', 'r', 'python', 'scala', 'sql', 'machine learning', 'database', 'deep learning']",,170380
data scientist,midlevel,on-site,company_273,"Burlingame, CA",19 days ago,"Menlo Park, CA, US",Technology,Public,"94,570",€231.94B,"€159,153 - €222,628","['sql', 'machine learning', 'r', 'python']",19,190890.5
data scientist,senior,on-site,company_134,"Seattle, WA",a month ago,"Seattle, WA, US",Retail,Public,"865,476",€838.83B,"€119,600 - €220,792","['amazon', 'aws', 'r', 'python', 'sql', 'machine learning']",,170196
data scientist,senior,on-site,company_134,"Nashville, TN . Bellevue, WA . Austin, TX . Arlington, VA . Bellevue, Washington, United States",11 days ago,"Seattle, WA, US",Retail,Public,"865,446",€839.08B,"€118,676 - €220,788","['amazon', 'spark', 'r', 'python', 'sql', 'hadoop']",11,169732
machine learning engineer,midlevel,Unknown,company_941,"Bengaluru, Karnataka, India",15 days ago,"Dublin, IE",Technology,Public,"492,255",€154.41B,"€10,605 - €26,380","['sql', 'python']",15,18492.5
data scientist,senior,hybrid,company_008,"Bengaluru, Karnataka, India . Hybrid",8 days ago,"San Jose, CA, US",Technology,Public,"34,670",€82.20B,"€33,117 - €47,631",[],8,40374
machine learning engineer,midlevel,Unknown,company_941,"Bengaluru, Karnataka, India",15 days ago,"Dublin, IE",Technology,Public,"492,215",€154.16B,"€10,602 - €26,377","['pytorch', 'aws', 'python', 'docker', 'machine learning', 'azure', 'tensorflow']",15,18489.5
data scientist,midlevel,on-site,company_134,"Seattle, WA",24 days ago,"Seattle, WA, US",Retail,Public,"865,436",€838.98B,"€110,400 - €220,791","['amazon', 'r', 'python', 'sql', 'machine learning']",24,165595.5
data scientist,senior,hybrid,company_008,"Scottsdale, AZ . Hybrid",2 months ago,"San Jose, CA, US",Technology,Public,"34,660",€82.25B,"€104,879 - €211,591","['sql', 'powerbi', 'tableau', 'python']",2,158235
data scientist,senior,on-site,company_917,"Mountain View, CA",5 days ago,"Mountain View, CA, US",Technology,Public,"258,770",€1.40T,"€129,716 - €185,832","['sql', 'r', 'python']",5,157774
machine learning engineer,midlevel,on-site,company_244,"Palo Alto, CA . Palo Alto, California, United States . On-site",a month ago,"New York, NY, US",Finance,Public,"290,770",€352.55B,"€131,552","['pandas', 'numpy', 'pytorch', 'scikit-learn', 'machine learning', 'deep learning', 'tensorflow']",,131552
data scientist,lead,Unknown,company_244,"Hyderabad, Telangana, India . Haidarábád, Telangána, Indie",a month ago,"New York, NY, US",Finance,Public,"290,770",€352.85B,"€54,950","['pytorch', 'machine learning', 'tensorflow', 'python']",,54950
data scientist,senior,Unknown,company_171,"Bengaluru, Karnataka, India . Bangalore, Karnataka, India",22 days ago,"Armonk, NY, US",Technology,Public,"524,628",€120.24B,"€33,283 - €53,075","['docker', 'kubernetes', 'java']",22,43179
machine learning engineer,senior,Unknown,company_941,"Bengaluru, Karnataka, India",8 days ago,"Dublin, IE",Technology,Public,"492,225",€154.11B,"€20,445","['aws', 'gcp', 'azure']",8,20445
data scientist,lead,on-site,company_244,"New York, NY . On-site",21 days ago,"New York, NY, US",Finance,Public,"290,760",€352.90B,"€165,589","['machine learning', 'r', 'python']",21,165589
data scientist,senior,hybrid,company_003,"Sunnyvale, CA . Hybrid",15 days ago,"Bentonville, AR, US",Retail,Public,€354.99B,Public,"€183,991","['spark', 'r', 'python', 'scala', 'sql', 'machine learning', 'tensorflow']",15,183991
data scientist,midlevel,on-site,company_134,"North Reading, MA . North Reading, Massachusetts, USA",a month ago,"Seattle, WA, US",Retail,Public,"865,416",€839.03B,"€122,355 - €220,787","['amazon', 'python', 'sql', 'hadoop', 'machine learning']",,171571
machine learning engineer,midlevel,Unknown,company_941,"Bengaluru, Karnataka, India",19 days ago,"Dublin, IE",Technology,Public,"492,235",€154.36B,"€10,604 - €26,379",['machine learning'],19,18491.5
data scientist,senior,on-site,company_917,"Dublin, County Dublin, Ireland",8 days ago,"Mountain View, CA, US",Technology,Public,"258,760",€1.50T,"€112,544","['sql', 'r', 'python']",8,112544
data scientist,senior,on-site,company_003,"Sunnyvale, CA",17 days ago,"Bentonville, AR, US",Retail,Public,€354.99B,Public,"€131,557 - €263,107","['spark', 'r', 'python', 'scala', 'sql', 'machine learning', 'tensorflow']",17,197332
data scientist,midlevel,on-site,company_917,"Mountain View, CA",7 days ago,"Mountain View, CA, US",Technology,Public,"258,810",€1.20T,"€129,712 - €185,828","['sql', 'r', 'python']",7,157770
data engineer,senior,on-site,company_134,"Seattle, WA",3 months ago,"Seattle, WA, US",Retail,Public,"865,476",€839.08B,"€119,600 - €220,792","['amazon', 'aws']",3,170196
data scientist,lead,Unknown,company_244,"London, England, United Kingdom",19 days ago,"New York, NY, US",Finance,Public,"290,750",€352.75B,"€92,773 - €146,026",[],19,119399.5
data scientist,lead,on-site,company_273,"Menlo Park, CA",12 days ago,"Menlo Park, CA, US",Technology,Public,"94,580",€231.89B,"€189,510 - €258,504","['sql', 'machine learning', 'r', 'python']",12,224007
data scientist,midlevel,on-site,company_395,"McLean, VA",17 days ago,"McLean, VA, US",Retail,Public,"55,090",€36.34B,"€159,154 - €181,600","['spark', 'aws', 'r', 'python', 'scala', 'sql', 'machine learning', 'database', 'deep learning']",17,170377
data scientist,lead,on-site,company_395,"New York, NY",21 days ago,"McLean, VA, US",Retail,Public,"55,150",€36.34B,"€264,761 - €302,202","['aws', 'r', 'python', 'scala', 'machine learning', 'database', 'deep learning']",21,283481.5
data scientist,senior,on-site,company_273,"Burlingame, CA",a month ago,"Menlo Park, CA, US",Technology,Public,"94,560",€231.94B,"€159,157 - €222,632","['sql', 'machine learning', 'r', 'python']",,190894.5
data scientist,senior,Unknown,company_844,"San Diego, CA",22 days ago,"Mountain View, CA, US",Technology,Public,"17,030",€95.22B,"€163,752","['r', 'python', 'sql', 'machine learning', 'tableau']",22,163752
data scientist,senior,on-site,company_134,"Austin, TX . Bellevue, WA . New York, United States",a month ago,"Seattle, WA, US",Retail,Public,"865,416",€839.08B,"€156,391","['amazon', 'r', 'python', 'sql', 'machine learning']",,156391
data scientist,lead,on-site,company_395,"New York, NY",a month ago,"McLean, VA, US",Retail,Public,"55,140",€36.44B,"€194,110 - €221,524","['spark', 'aws', 'r', 'python', 'scala', 'sql', 'machine learning', 'database', 'deep learning']",,207817
data scientist,senior,Unknown,company_171,"Hyderabad, Telangana, India",15 days ago,"Armonk, NY, US",Technology,Public,"524,568",€120.34B,"€27,474 - €53,079","['database', 'machine learning', 'java']",15,40276.5
data scientist,senior,hybrid,company_983,"Arlington, VA . Hybrid",4 days ago,"McLean, VA, US",Technology,Public,"27,010",Public,"€91,075 - €206,986","['spark', 'r', 'python', 'sql', 'hadoop', 'machine learning']",4,149030.5
data scientist,senior,Unknown,company_844,"San Diego, CA",9 days ago,"Mountain View, CA, US",Technology,Public,"17,050",€95.27B,"€163,754","['r', 'python', 'sql', 'machine learning', 'tableau']",9,163754
data scientist,senior,on-site,company_134,"Seattle, WA . Cupertino, CA",a month ago,"Seattle, WA, US",Retail,Public,"865,416",€838.73B,"€110,396 - €220,787","['amazon', 'aws', 'r', 'python', 'sql', 'machine learning']",,165591.5
data scientist,lead,on-site,company_244,"Columbus, OH . On-site",11 days ago,"New York, NY, US",Finance,Public,"290,780",€352.70B,"€137,996","['pandas', 'numpy', 'pytorch', 'spark', 'aws', 'scikit-learn', 'python', 'sql', 'keras', 'machine learning', 'tensorflow']",11,137996
data scientist,midlevel,on-site,company_273,"New York, NY",a month ago,"Menlo Park, CA, US",Technology,Public,"94,560",€232.14B,"€133,392 - €187,668","['sql', 'machine learning', 'r', 'python']",,160530
machine learning engineer,senior,Unknown,company_941,"Bengaluru, Karnataka, India",8 days ago,"Dublin, IE",Technology,Public,"492,215",€154.16B,"€20,440","['aws', 'gcp', 'azure']",8,20440
data scientist,senior,on-site,company_134,"Seattle, WA . Arlington, VA",8 days ago,"Seattle, WA, US",Retail,Public,"865,466",€838.88B,"€110,393 - €220,784","['amazon', 'spark', 'r', 'python', 'sql', 'hadoop', 'machine learning']",8,165588.5
data scientist,senior,on-site,company_917,"Mountain View, CA",5 days ago,"Mountain View, CA, US",Technology,Public,"258,810",€1.45T,"€208,825 - €294,379","['sql', 'r', 'python']",5,251602
data scientist,senior,on-site,company_395,"San Jose, CA",13 days ago,"McLean, VA, US",Retail,Public,"55,110",€36.49B,"€133,489 - €152,347","['pytorch', 'aws', 'r', 'python', 'scala', 'sql', 'database', 'machine learning']",13,142918
data scientist,midlevel,hybrid,company_008,"Chicago, IL . Hybrid",2 months ago,"San Jose, CA, US",Technology,Public,"34,650",€82.45B,"€113,614 - €195,810","['r', 'python', 'sql', 'machine learning', 'tableau']",2,154712
data scientist,senior,on-site,company_134,"Palo Alto, CA . Austin, TX . West Hollywood, CA . Arlington, VA . Seattle, WA + 1 More",8 days ago,"Seattle, WA, US",Retail,Public,"865,466",€838.88B,"€118,677 - €220,789","['amazon', 'r', 'python', 'scala', 'sql', 'machine learning']",8,169733
data scientist,senior,on-site,company_273,"Bellevue, WA",7 days ago,"Menlo Park, CA, US",Technology,Public,"94,590",€231.94B,"€133,394 - €187,670","['spark', 'powerbi', 'r', 'python', 'sql', 'machine learning', 'tableau']",7,160532
data scientist,senior,Unknown,company_917,"Bengaluru, Karnataka, India",23 days ago,"Mountain View, CA, US",Technology,Public,"258,810",€1.45T,"€42,805","['sql', 'r', 'python']",23,42805
data scientist,midlevel,Unknown,company_244,"London, England, United Kingdom",7 days ago,"New York, NY, US",Finance,Public,"290,800",€352.70B,"€97,625","['sql', 'machine learning', 'python']",7,97625
data scientist,senior,Unknown,company_844,"New York, NY",8 days ago,"Mountain View, CA, US",Technology,Public,"17,030",€95.07B,"€170,193","['tableau', 'sql', 'r', 'python']",8,170193
data scientist,senior,on-site,company_003,"Bentonville, AR",17 days ago,"Bentonville, AR, US",Retail,Public,€354.99B,Public,"€131,559 - €263,109","['pytorch', 'spark', 'r', 'python', 'scala', 'machine learning', 'azure', 'tensorflow']",17,197334
data scientist,senior,on-site,company_003,"Sunnyvale, CA",19 days ago,"Bentonville, AR, US",Retail,Public,€354.99B,Public,"€107,640 - €215,272","['numpy', 'pytorch', 'spark', 'r', 'python', 'scikit-learn', 'scala', 'bash', 'java', 'sql', 'machine learning', 'gcp', 'deep learning', 'matplotlib', 'tensorflow']",19,161456
data scientist,junior,on-site,company_030,Belarus,6 days ago,"Newtown, PA, US",Technology,Public,"49,540",Public,"€22,087","['spark', 'aws', 'python', 'sql', 'machine learning', 'gcp', 'azure']",6,22087
data scientist,lead,on-site,company_917,"San Bruno, CA",8 days ago,"Mountain View, CA, US",Technology,Public,"258,770",€1.20T,"€181,232 - €267,706","['sql', 'r', 'python']",8,224469
machine learning engineer,senior,hybrid,company_008,"San Jose, CA . Hybrid",a month ago,"San Jose, CA, US",Technology,Public,"34,630",€82.10B,"€172,950 - €298,014","['pytorch', 'python', 'sql', 'machine learning', 'gcp', 'hadoop', 'deep learning', 'tensorflow']",,235482
data scientist,senior,on-site,company_003,"Bentonville, AR",18 days ago,"Bentonville, AR, US",Retail,Public,€354.99B,Public,"€101,193 - €202,386","['pytorch', 'spark', 'r', 'python', 'scala', 'neural network', 'machine learning', 'deep learning', 'tensorflow']",18,151789.5
data scientist,lead,on-site,company_273,"Bellevue, WA",19 days ago,"Menlo Park, CA, US",Technology,Public,"94,590",€232.19B,"€232,745 - €288,861",['machine learning'],19,260803
data scientist,senior,on-site,company_917,"Mountain View, CA",15 days ago,"Mountain View, CA, US",Technology,Public,"258,810",€1.35T,"€181,229 - €267,703","['sql', 'r', 'python']",15,224466
data scientist,midlevel,on-site,company_134,"Seattle, WA",2 days ago,"Seattle, WA, US",Retail,Public,"865,446",€839.08B,"€110,401 - €220,792","['amazon', 'r', 'python', 'sql', 'machine learning']",2,165596.5
data scientist,senior,on-site,company_917,"Mountain View, CA",5 days ago,"Mountain View, CA, US",Technology,Public,"258,820",€1.45T,"€168,348 - €249,302","['sql', 'r', 'python']",5,208825
machine learning engineer,midlevel,Unknown,company_941,"Bengaluru, Karnataka, India",22 days ago,"Dublin, IE",Technology,Public,"492,205",€154.11B,"€10,603 - €26,378",['machine learning'],22,18490.5
data scientist,senior,remote,company_083,"Gothenburg, Västra Götaland County, Sweden . Fully Remote",5 days ago,"Paris, IDF, FR",Technology,Private,"263,570",€25.49B,"€60,795","['pandas', 'amazon', 'pytorch', 'aws', 'git', 'python', 'docker', 'sql', 'kubernetes', 'azure']",5,60795
data scientist,senior,on-site,company_395,"San Jose, CA",16 days ago,"McLean, VA, US",Retail,Public,"55,130",€36.44B,"€159,156 - €181,602","['pytorch', 'aws', 'r', 'python', 'scala', 'sql', 'database', 'machine learning']",16,170379
data scientist,lead,Unknown,company_291,"Delhi Cantonment, Delhi, India",4 days ago,"Bengaluru, KA, IN",Technology,Public,"261,030",€71.50B,"€9,657",[],4,9657
data scientist,senior,on-site,company_003,"San Bruno, CA",17 days ago,"Bentonville, AR, US",Retail,Public,€354.99B,Public,"€131,556 - €263,106","['spark', 'r', 'python', 'scala', 'sql', 'machine learning', 'tensorflow']",17,197331
data scientist,senior,on-site,company_134,"Bellevue, WA . Austin, TX . Nashville, TN . Tempe, AZ",16 days ago,"Seattle, WA, US",Retail,Public,"865,476",€838.83B,"€156,392 - €178,470","['amazon', 'aws', 'r', 'python', 'sql', 'tableau']",16,167431
data scientist,senior,Unknown,company_083,"Camden, NJ",4 months ago,"Paris, IDF, FR",Technology,Private,"263,580",€25.34B,"€80,371 - €124,381","['r', 'python', 'sql', 'machine learning', 'azure']",4,102376
data scientist,senior,hybrid,company_008,"San Jose, CA . Hybrid",a month ago,"San Jose, CA, US",Technology,Public,"34,670",€82.20B,"€113,612 - €195,808","['tableau', 'sql', 'r', 'python']",,154710
data scientist,senior,on-site,company_917,"Chicago, IL . Sunnyvale, CA",20 days ago,"Mountain View, CA, US",Technology,Public,"258,790",€1.50T,"€181,235 - €267,709","['sql', 'machine learning', 'r', 'python']",20,224472
data scientist,senior,on-site,company_134,"New York, United States . Los Angeles Metropolitan Area . Seattle, WA . Austin, TX . Arlington, VA + 2 More",7 days ago,"Seattle, WA, US",Retail,Public,"865,426",€838.88B,"€137,999 - €165,596","['amazon', 'r', 'python', 'scala', 'sql', 'machine learning']",7,151797.5
data scientist,senior,on-site,company_844,"San Francisco, CA",5 days ago,"Mountain View, CA, US",Technology,Public,"17,020",€95.27B,"€164,672 - €171,572","['sql', 'machine learning', 'r', 'python']",5,168122
data scientist,senior,on-site,company_244,"New York, NY . On-site",6 days ago,"New York, NY, US",Finance,Public,"290,780",€352.80B,"€133,114 - €193,194","['pandas', 'numpy', 'python', 'sql', 'machine learning', 'tableau']",6,163154
data scientist,midlevel,on-site,company_244,"Plano, TX . On-site",6 days ago,"New York, NY, US",Finance,Public,"290,800",€352.60B,"€124,196 - €197,790","['pytorch', 'spark', 'python', 'sql', 'keras', 'machine learning', 'tensorflow']",6,160993
data engineer,senior,Unknown,company_134,"Vancouver, British Columbia, Canada",21 days ago,"Seattle, WA, US",Retail,Public,"865,426",€838.83B,"€95,034 - €158,785","['amazon', 'aws', 'python', 'scala', 'java', 'airflow', 'sql']",21,126909.5
data scientist,midlevel,on-site,company_273,"Bellevue, WA",19 days ago,"Menlo Park, CA, US",Technology,Public,"94,580",€232.09B,"€159,150 - €222,625","['sql', 'machine learning', 'r', 'python']",19,190887.5
data scientist,senior,on-site,company_003,"Sunnyvale, CA",17 days ago,"Bentonville, AR, US",Retail,Public,€354.99B,Public,"€131,554 - €263,104","['spark', 'r', 'python', 'scala', 'sql', 'machine learning', 'tensorflow']",17,197329
machine learning engineer,senior,on-site,company_134,"Seattle, WA",6 days ago,"Seattle, WA, US",Retail,Public,"865,436",€838.98B,"€110,395 - €220,786","['amazon', 'machine learning']",6,165590.5
machine learning engineer,midlevel,Unknown,company_941,"Bengaluru, Karnataka, India . Bangalore, Karnataka, India",21 days ago,"Dublin, IE",Technology,Public,"492,245",€154.21B,"€10,601 - €26,376",['machine learning'],21,18488.5
data scientist,midlevel,Unknown,company_881,"Singapore, Singapore",a month ago,CN,Technology,Private,"110,010",€129.04B,"€57,958 - €103,129","['sql', 'machine learning', 'r', 'python']",,80543.5
data scientist,senior,hybrid,company_003,"Bentonville, AR . Hybrid",18 days ago,"Bentonville, AR, US",Retail,Public,€354.99B,Public,"€131,552 - €263,102","['pytorch', 'spark', 'r', 'python', 'scala', 'java', 'airflow', 'sql', 'machine learning', 'deep learning', 'keras', 'azure', 'tensorflow']",18,197327
data scientist,senior,Unknown,company_844,"Mountain View, CA",8 days ago,"Mountain View, CA, US",Technology,Public,"17,050",€95.37B,"€170,195","['spark', 'r', 'python', 'sql', 'tableau']",8,170195
data scientist,senior,on-site,company_917,"Los Angeles, CA . Mountain View, CA",15 days ago,"Mountain View, CA, US",Technology,Public,"258,790",€1.15T,"€129,711 - €185,827","['spark', 'r', 'python', 'sql', 'hadoop', 'machine learning']",15,157769
data scientist,senior,hybrid,company_008,"Bengaluru, Karnataka, India . Hybrid",8 days ago,"San Jose, CA, US",Technology,Public,"34,650",€82.40B,"€24,239 - €47,626","['sql', 'machine learning', 'python']",8,35932.5
data scientist,senior,Unknown,company_171,"Bengaluru, Karnataka, India",a day ago,"Armonk, NY, US",Technology,Public,"524,598",€120.29B,"€33,288 - €53,080","['pytorch', 'python', 'sql', 'machine learning', 'deep learning', 'tensorflow']",,43184
machine learning engineer,senior,Unknown,company_134,"Melbourne, Victoria, Australia",a month ago,"Seattle, WA, US",Retail,Public,"865,456",€838.78B,"€64,290","['amazon', 'machine learning']",,64290
data scientist,midlevel,on-site,company_395,"McLean, VA",11 days ago,"McLean, VA, US",Retail,Public,"55,150",€36.29B,"€145,904 - €166,510","['spark', 'aws', 'r', 'python', 'scala', 'sql', 'database', 'machine learning']",11,156207
data scientist,midlevel,on-site,company_395,"New York, NY",17 days ago,"McLean, VA, US",Retail,Public,"55,110",€36.34B,"€159,149 - €181,595","['spark', 'aws', 'r', 'python', 'scala', 'sql', 'machine learning', 'database', 'deep learning']",17,170372
data scientist,senior,on-site,company_844,"San Diego, CA",8 days ago,"Mountain View, CA, US",Technology,Public,"17,040",€95.22B,"€195,486 - €201,926","['r', 'python', 'scala', 'sql', 'machine learning', 'deep learning']",8,198706
